<xlue>
	<resource>
		<bitmap id="bitmap.picshare.sina.weibo.icon24" path="bitmap\PicShare\bitmap.sina.weibo.icon24.png" />
		<bitmap id="bitmap.picshare.qq.weibo.icon24" path="bitmap\PicShare\bitmap.qq.weibo.icon24.png" />
		<bitmap id="bitmap.picshare.qq.qzone.icon24" path="bitmap\PicShare\bitmap.qq.qzone.icon24.png" />
		<bitmap id="bitmap.qq.weibo.banner.bkg" path="bitmap\PicShare\bitmap.qq.weibo.banner.bkg.png" />
		<bitmap id="bitmap.sina.banner.bkg" path="bitmap\PicShare\bitmap.sina.banner.bkg.png" />
		<bitmap id="bitmap.qq.qzone.banner.bkg" path="bitmap\PicShare\bitmap.qq.qzone.banner.bkg.png" />
		<bitmap id="bitmap.qq.qzone.big.banner.bkg" path="bitmap\PicShare\bitmap.qq.qzone.big.banner.bkg.png" />
		
		<bitmap id="bitmap.sina.weibo.menu.icon" path="bitmap\PicShare\bitmap.sina.weibo.menu.icon.png" />
		<bitmap id="bitmap.qq.weibo.menu.icon" path="bitmap\PicShare\bitmap.qq.weibo.menu.icon.png" />
		<bitmap id="bitmap.qq.qzone.menu.icon" path="bitmap\PicShare\bitmap.qq.qzone.menu.icon.png" />
		<texture id="texture.weibo.sharedlg.iconctrl.bkg" type="NineInOne" path="bitmap\PicShare\texture.weibo.sharedlg.iconctrl.bkg.png" />
		
		
		
		<imagelist id="imagelist.qq.weibo.sharedlg.btn.icon.bkg" vertical="0" splitter="1" varyblock="1" image="bitmap\PicShare\texture.qq.weibo.sharedlg.btn.icon.bkg.png"/>
		<texture id="texture.qq.weibo.sharedlg.btn.icon.bkg.normal" type="Stretch" imagelist="imagelist.qq.weibo.sharedlg.btn.icon.bkg" index="1" />
		<texture id="texture.qq.weibo.sharedlg.btn.icon.bkg.hover" type="Stretch" imagelist="imagelist.qq.weibo.sharedlg.btn.icon.bkg" index="2" />
		<texture id="texture.qq.weibo.sharedlg.btn.icon.bkg.down" type="Stretch" imagelist="imagelist.qq.weibo.sharedlg.btn.icon.bkg" index="3" />
		
		<imagelist id="imagelist.weibo.sharedlg.iconctrl.item.bkg" vertical="0" splitter="1" varyblock="1" image="bitmap\PicShare\texture.weibo.sharedlg.iconctrl.item.bkg.png"/>
		<texture id="texture.weibo.sharedlg.iconctrl.item.bkg.normal" type="NineInOne" imagelist="imagelist.weibo.sharedlg.iconctrl.item.bkg" index="1" />
		<texture id="texture.weibo.sharedlg.iconctrl.item.bkg.hover" type="NineInOne" imagelist="imagelist.weibo.sharedlg.iconctrl.item.bkg" index="2" />
		<texture id="texture.weibo.sharedlg.iconctrl.item.bkg.down" type="NineInOne" imagelist="imagelist.weibo.sharedlg.iconctrl.item.bkg" index="3" />
		
		<imagelist id="imagelist.qq.weibo.logo.icon" vertical="0" splitter="1" varyblock="1" image="bitmap\PicShare\bitmap.qq.weibo.logo.icon.png"/>
		<bitmap id="bitmap.picshare.qq.weibo.logo.icon.normal" imagelist="imagelist.qq.weibo.logo.icon" index="1" />
		<bitmap id="bitmap.picshare.qq.weibo.logo.icon.hover" imagelist="imagelist.qq.weibo.logo.icon" index="2" />
		
		<imagelist id="imagelist.sina.weibo.logo.icon" vertical="0" splitter="1" varyblock="1" image="bitmap\PicShare\bitmap.sina.weibo.logo.icon.png"/>
		<bitmap id="bitmap.picshare.sina.weibo.logo.icon.normal" imagelist="imagelist.sina.weibo.logo.icon" index="1" />
		<bitmap id="bitmap.picshare.sina.weibo.logo.icon.hover" imagelist="imagelist.sina.weibo.logo.icon" index="2" />
		
		<imagelist id="imagelist.qq.qzone.logo.icon" vertical="0" splitter="1" varyblock="1" image="bitmap\PicShare\bitmap.qq.qzone.logo.icon.png"/>
		<bitmap id="bitmap.picshare.qq.qzone.logo.icon.normal" imagelist="imagelist.qq.qzone.logo.icon" index="1" />
		<bitmap id="bitmap.picshare.qq.qzone.logo.icon.hover" imagelist="imagelist.qq.qzone.logo.icon" index="2" />

		
		<!--Sina微博图标-->
		<bitmap id="bitmap.sina.weibo.icon.0" path="bitmap\PicShare\SinaWeiboIcon\0.png" />
		<bitmap id="bitmap.sina.weibo.icon.1" path="bitmap\PicShare\SinaWeiboIcon\1.png" />
		<bitmap id="bitmap.sina.weibo.icon.2" path="bitmap\PicShare\SinaWeiboIcon\2.png" />
		<bitmap id="bitmap.sina.weibo.icon.3" path="bitmap\PicShare\SinaWeiboIcon\3.png" />
		<bitmap id="bitmap.sina.weibo.icon.4" path="bitmap\PicShare\SinaWeiboIcon\4.png" />
		<bitmap id="bitmap.sina.weibo.icon.5" path="bitmap\PicShare\SinaWeiboIcon\5.png" />
		<bitmap id="bitmap.sina.weibo.icon.6" path="bitmap\PicShare\SinaWeiboIcon\6.png" />
		<bitmap id="bitmap.sina.weibo.icon.7" path="bitmap\PicShare\SinaWeiboIcon\7.png" />
		<bitmap id="bitmap.sina.weibo.icon.8" path="bitmap\PicShare\SinaWeiboIcon\8.png" />
		<bitmap id="bitmap.sina.weibo.icon.9" path="bitmap\PicShare\SinaWeiboIcon\9.png" />
		<bitmap id="bitmap.sina.weibo.icon.10" path="bitmap\PicShare\SinaWeiboIcon\10.png" />
		<bitmap id="bitmap.sina.weibo.icon.11" path="bitmap\PicShare\SinaWeiboIcon\11.png" />
		<bitmap id="bitmap.sina.weibo.icon.12" path="bitmap\PicShare\SinaWeiboIcon\12.png" />
		<bitmap id="bitmap.sina.weibo.icon.13" path="bitmap\PicShare\SinaWeiboIcon\13.png" />
		<bitmap id="bitmap.sina.weibo.icon.14" path="bitmap\PicShare\SinaWeiboIcon\14.png" />
		<bitmap id="bitmap.sina.weibo.icon.15" path="bitmap\PicShare\SinaWeiboIcon\15.png" />
		<bitmap id="bitmap.sina.weibo.icon.16" path="bitmap\PicShare\SinaWeiboIcon\16.png" />
		<bitmap id="bitmap.sina.weibo.icon.17" path="bitmap\PicShare\SinaWeiboIcon\17.png" />
		<bitmap id="bitmap.sina.weibo.icon.18" path="bitmap\PicShare\SinaWeiboIcon\18.png" />
		<bitmap id="bitmap.sina.weibo.icon.19" path="bitmap\PicShare\SinaWeiboIcon\19.png" />
		<bitmap id="bitmap.sina.weibo.icon.20" path="bitmap\PicShare\SinaWeiboIcon\20.png" />
		<bitmap id="bitmap.sina.weibo.icon.21" path="bitmap\PicShare\SinaWeiboIcon\21.png" />
		<bitmap id="bitmap.sina.weibo.icon.22" path="bitmap\PicShare\SinaWeiboIcon\22.png" />
		<bitmap id="bitmap.sina.weibo.icon.23" path="bitmap\PicShare\SinaWeiboIcon\23.png" />
		<bitmap id="bitmap.sina.weibo.icon.24" path="bitmap\PicShare\SinaWeiboIcon\24.png" />
		<bitmap id="bitmap.sina.weibo.icon.25" path="bitmap\PicShare\SinaWeiboIcon\25.png" />
		<bitmap id="bitmap.sina.weibo.icon.26" path="bitmap\PicShare\SinaWeiboIcon\26.png" />
		<bitmap id="bitmap.sina.weibo.icon.27" path="bitmap\PicShare\SinaWeiboIcon\27.png" />
		<bitmap id="bitmap.sina.weibo.icon.28" path="bitmap\PicShare\SinaWeiboIcon\28.png" />
		<bitmap id="bitmap.sina.weibo.icon.29" path="bitmap\PicShare\SinaWeiboIcon\29.png" />
		<bitmap id="bitmap.sina.weibo.icon.30" path="bitmap\PicShare\SinaWeiboIcon\30.png" />
		<bitmap id="bitmap.sina.weibo.icon.31" path="bitmap\PicShare\SinaWeiboIcon\31.png" />
		<bitmap id="bitmap.sina.weibo.icon.32" path="bitmap\PicShare\SinaWeiboIcon\32.png" />
		<bitmap id="bitmap.sina.weibo.icon.33" path="bitmap\PicShare\SinaWeiboIcon\33.png" />
		<bitmap id="bitmap.sina.weibo.icon.34" path="bitmap\PicShare\SinaWeiboIcon\34.png" />
		<bitmap id="bitmap.sina.weibo.icon.35" path="bitmap\PicShare\SinaWeiboIcon\35.png" />
		<bitmap id="bitmap.sina.weibo.icon.36" path="bitmap\PicShare\SinaWeiboIcon\36.png" />
		<bitmap id="bitmap.sina.weibo.icon.37" path="bitmap\PicShare\SinaWeiboIcon\37.png" />
		<bitmap id="bitmap.sina.weibo.icon.38" path="bitmap\PicShare\SinaWeiboIcon\38.png" />
		<bitmap id="bitmap.sina.weibo.icon.39" path="bitmap\PicShare\SinaWeiboIcon\39.png" />
		<bitmap id="bitmap.sina.weibo.icon.40" path="bitmap\PicShare\SinaWeiboIcon\40.png" />
		<bitmap id="bitmap.sina.weibo.icon.41" path="bitmap\PicShare\SinaWeiboIcon\41.png" />
		<bitmap id="bitmap.sina.weibo.icon.42" path="bitmap\PicShare\SinaWeiboIcon\42.png" />
		<bitmap id="bitmap.sina.weibo.icon.43" path="bitmap\PicShare\SinaWeiboIcon\43.png" />
		<bitmap id="bitmap.sina.weibo.icon.44" path="bitmap\PicShare\SinaWeiboIcon\44.png" />
		<bitmap id="bitmap.sina.weibo.icon.45" path="bitmap\PicShare\SinaWeiboIcon\45.png" />
		<bitmap id="bitmap.sina.weibo.icon.46" path="bitmap\PicShare\SinaWeiboIcon\46.png" />
		<bitmap id="bitmap.sina.weibo.icon.47" path="bitmap\PicShare\SinaWeiboIcon\47.png" />
		<bitmap id="bitmap.sina.weibo.icon.48" path="bitmap\PicShare\SinaWeiboIcon\48.png" />
		<bitmap id="bitmap.sina.weibo.icon.49" path="bitmap\PicShare\SinaWeiboIcon\49.png" />
		<bitmap id="bitmap.sina.weibo.icon.50" path="bitmap\PicShare\SinaWeiboIcon\50.png" />
		<bitmap id="bitmap.sina.weibo.icon.51" path="bitmap\PicShare\SinaWeiboIcon\51.png" />
		<bitmap id="bitmap.sina.weibo.icon.52" path="bitmap\PicShare\SinaWeiboIcon\52.png" />
		<bitmap id="bitmap.sina.weibo.icon.53" path="bitmap\PicShare\SinaWeiboIcon\53.png" />
		<bitmap id="bitmap.sina.weibo.icon.54" path="bitmap\PicShare\SinaWeiboIcon\54.png" />
		<bitmap id="bitmap.sina.weibo.icon.55" path="bitmap\PicShare\SinaWeiboIcon\55.png" />
		<bitmap id="bitmap.sina.weibo.icon.56" path="bitmap\PicShare\SinaWeiboIcon\56.png" />
		<bitmap id="bitmap.sina.weibo.icon.57" path="bitmap\PicShare\SinaWeiboIcon\57.png" />
		<bitmap id="bitmap.sina.weibo.icon.58" path="bitmap\PicShare\SinaWeiboIcon\58.png" />
		<bitmap id="bitmap.sina.weibo.icon.59" path="bitmap\PicShare\SinaWeiboIcon\59.png" />
		<!--QQ微博图标-->
		<bitmap id="bitmap.qq.weibo.icon.0" path="bitmap\PicShare\QQWeiboIcon\0.png" />
		<bitmap id="bitmap.qq.weibo.icon.1" path="bitmap\PicShare\QQWeiboIcon\1.png" />
		<bitmap id="bitmap.qq.weibo.icon.2" path="bitmap\PicShare\QQWeiboIcon\2.png" />
		<bitmap id="bitmap.qq.weibo.icon.3" path="bitmap\PicShare\QQWeiboIcon\3.png" />
		<bitmap id="bitmap.qq.weibo.icon.4" path="bitmap\PicShare\QQWeiboIcon\4.png" />
		<bitmap id="bitmap.qq.weibo.icon.5" path="bitmap\PicShare\QQWeiboIcon\5.png" />
		<bitmap id="bitmap.qq.weibo.icon.6" path="bitmap\PicShare\QQWeiboIcon\6.png" />
		<bitmap id="bitmap.qq.weibo.icon.7" path="bitmap\PicShare\QQWeiboIcon\7.png" />
		<bitmap id="bitmap.qq.weibo.icon.8" path="bitmap\PicShare\QQWeiboIcon\8.png" />
		<bitmap id="bitmap.qq.weibo.icon.9" path="bitmap\PicShare\QQWeiboIcon\9.png" />
		<bitmap id="bitmap.qq.weibo.icon.10" path="bitmap\PicShare\QQWeiboIcon\10.png" />
		<bitmap id="bitmap.qq.weibo.icon.11" path="bitmap\PicShare\QQWeiboIcon\11.png" />
		<bitmap id="bitmap.qq.weibo.icon.12" path="bitmap\PicShare\QQWeiboIcon\12.png" />
		<bitmap id="bitmap.qq.weibo.icon.13" path="bitmap\PicShare\QQWeiboIcon\13.png" />
		<bitmap id="bitmap.qq.weibo.icon.14" path="bitmap\PicShare\QQWeiboIcon\14.png" />
		<bitmap id="bitmap.qq.weibo.icon.15" path="bitmap\PicShare\QQWeiboIcon\15.png" />
		<bitmap id="bitmap.qq.weibo.icon.16" path="bitmap\PicShare\QQWeiboIcon\16.png" />
		<bitmap id="bitmap.qq.weibo.icon.17" path="bitmap\PicShare\QQWeiboIcon\17.png" />
		<bitmap id="bitmap.qq.weibo.icon.18" path="bitmap\PicShare\QQWeiboIcon\18.png" />
		<bitmap id="bitmap.qq.weibo.icon.19" path="bitmap\PicShare\QQWeiboIcon\19.png" />
		<bitmap id="bitmap.qq.weibo.icon.20" path="bitmap\PicShare\QQWeiboIcon\20.png" />
		<bitmap id="bitmap.qq.weibo.icon.21" path="bitmap\PicShare\QQWeiboIcon\21.png" />
		<bitmap id="bitmap.qq.weibo.icon.22" path="bitmap\PicShare\QQWeiboIcon\22.png" />
		<bitmap id="bitmap.qq.weibo.icon.23" path="bitmap\PicShare\QQWeiboIcon\23.png" />
		<bitmap id="bitmap.qq.weibo.icon.24" path="bitmap\PicShare\QQWeiboIcon\24.png" />
		<bitmap id="bitmap.qq.weibo.icon.25" path="bitmap\PicShare\QQWeiboIcon\25.png" />
		<bitmap id="bitmap.qq.weibo.icon.26" path="bitmap\PicShare\QQWeiboIcon\26.png" />
		<bitmap id="bitmap.qq.weibo.icon.27" path="bitmap\PicShare\QQWeiboIcon\27.png" />
		<bitmap id="bitmap.qq.weibo.icon.28" path="bitmap\PicShare\QQWeiboIcon\28.png" />
		<bitmap id="bitmap.qq.weibo.icon.29" path="bitmap\PicShare\QQWeiboIcon\29.png" />
		<bitmap id="bitmap.qq.weibo.icon.30" path="bitmap\PicShare\QQWeiboIcon\30.png" />
		<bitmap id="bitmap.qq.weibo.icon.31" path="bitmap\PicShare\QQWeiboIcon\31.png" />
		<bitmap id="bitmap.qq.weibo.icon.32" path="bitmap\PicShare\QQWeiboIcon\32.png" />
		<bitmap id="bitmap.qq.weibo.icon.33" path="bitmap\PicShare\QQWeiboIcon\33.png" />
		<bitmap id="bitmap.qq.weibo.icon.34" path="bitmap\PicShare\QQWeiboIcon\34.png" />
		<bitmap id="bitmap.qq.weibo.icon.35" path="bitmap\PicShare\QQWeiboIcon\35.png" />
		<bitmap id="bitmap.qq.weibo.icon.36" path="bitmap\PicShare\QQWeiboIcon\36.png" />
		<bitmap id="bitmap.qq.weibo.icon.37" path="bitmap\PicShare\QQWeiboIcon\37.png" />
		<bitmap id="bitmap.qq.weibo.icon.38" path="bitmap\PicShare\QQWeiboIcon\38.png" />
		<bitmap id="bitmap.qq.weibo.icon.39" path="bitmap\PicShare\QQWeiboIcon\39.png" />
		<bitmap id="bitmap.qq.weibo.icon.40" path="bitmap\PicShare\QQWeiboIcon\40.png" />
		<bitmap id="bitmap.qq.weibo.icon.41" path="bitmap\PicShare\QQWeiboIcon\41.png" />
		<bitmap id="bitmap.qq.weibo.icon.42" path="bitmap\PicShare\QQWeiboIcon\42.png" />
		<bitmap id="bitmap.qq.weibo.icon.43" path="bitmap\PicShare\QQWeiboIcon\43.png" />
		<bitmap id="bitmap.qq.weibo.icon.44" path="bitmap\PicShare\QQWeiboIcon\44.png" />
		<bitmap id="bitmap.qq.weibo.icon.45" path="bitmap\PicShare\QQWeiboIcon\45.png" />
		<bitmap id="bitmap.qq.weibo.icon.46" path="bitmap\PicShare\QQWeiboIcon\46.png" />
		<bitmap id="bitmap.qq.weibo.icon.47" path="bitmap\PicShare\QQWeiboIcon\47.png" />
		<bitmap id="bitmap.qq.weibo.icon.48" path="bitmap\PicShare\QQWeiboIcon\48.png" />
		<bitmap id="bitmap.qq.weibo.icon.49" path="bitmap\PicShare\QQWeiboIcon\49.png" />
		<bitmap id="bitmap.qq.weibo.icon.50" path="bitmap\PicShare\QQWeiboIcon\50.png" />
		<bitmap id="bitmap.qq.weibo.icon.51" path="bitmap\PicShare\QQWeiboIcon\51.png" />
		<bitmap id="bitmap.qq.weibo.icon.52" path="bitmap\PicShare\QQWeiboIcon\52.png" />
		<bitmap id="bitmap.qq.weibo.icon.53" path="bitmap\PicShare\QQWeiboIcon\53.png" />
		<bitmap id="bitmap.qq.weibo.icon.54" path="bitmap\PicShare\QQWeiboIcon\54.png" />
		<bitmap id="bitmap.qq.weibo.icon.55" path="bitmap\PicShare\QQWeiboIcon\55.png" />
		<bitmap id="bitmap.qq.weibo.icon.56" path="bitmap\PicShare\QQWeiboIcon\56.png" />
		<bitmap id="bitmap.qq.weibo.icon.57" path="bitmap\PicShare\QQWeiboIcon\57.png" />
		<bitmap id="bitmap.qq.weibo.icon.58" path="bitmap\PicShare\QQWeiboIcon\58.png" />
		<bitmap id="bitmap.qq.weibo.icon.59" path="bitmap\PicShare\QQWeiboIcon\59.png" />
		<bitmap id="bitmap.qq.weibo.icon.60" path="bitmap\PicShare\QQWeiboIcon\60.png" />
		<bitmap id="bitmap.qq.weibo.icon.61" path="bitmap\PicShare\QQWeiboIcon\61.png" />
		<bitmap id="bitmap.qq.weibo.icon.62" path="bitmap\PicShare\QQWeiboIcon\62.png" />
		<bitmap id="bitmap.qq.weibo.icon.63" path="bitmap\PicShare\QQWeiboIcon\63.png" />
		<bitmap id="bitmap.qq.weibo.icon.64" path="bitmap\PicShare\QQWeiboIcon\64.png" />
		<bitmap id="bitmap.qq.weibo.icon.65" path="bitmap\PicShare\QQWeiboIcon\65.png" />
		<bitmap id="bitmap.qq.weibo.icon.66" path="bitmap\PicShare\QQWeiboIcon\66.png" />
		<bitmap id="bitmap.qq.weibo.icon.67" path="bitmap\PicShare\QQWeiboIcon\67.png" />
		<bitmap id="bitmap.qq.weibo.icon.68" path="bitmap\PicShare\QQWeiboIcon\68.png" />
		<bitmap id="bitmap.qq.weibo.icon.69" path="bitmap\PicShare\QQWeiboIcon\69.png" />
		<bitmap id="bitmap.qq.weibo.icon.70" path="bitmap\PicShare\QQWeiboIcon\70.png" />
		<bitmap id="bitmap.qq.weibo.icon.71" path="bitmap\PicShare\QQWeiboIcon\71.png" />
		<bitmap id="bitmap.qq.weibo.icon.72" path="bitmap\PicShare\QQWeiboIcon\72.png" />
		<bitmap id="bitmap.qq.weibo.icon.73" path="bitmap\PicShare\QQWeiboIcon\73.png" />
		<bitmap id="bitmap.qq.weibo.icon.74" path="bitmap\PicShare\QQWeiboIcon\74.png" />
		<bitmap id="bitmap.qq.weibo.icon.75" path="bitmap\PicShare\QQWeiboIcon\75.png" />
		<bitmap id="bitmap.qq.weibo.icon.76" path="bitmap\PicShare\QQWeiboIcon\76.png" />
		<bitmap id="bitmap.qq.weibo.icon.77" path="bitmap\PicShare\QQWeiboIcon\77.png" />
		<bitmap id="bitmap.qq.weibo.icon.78" path="bitmap\PicShare\QQWeiboIcon\78.png" />
		<bitmap id="bitmap.qq.weibo.icon.79" path="bitmap\PicShare\QQWeiboIcon\79.png" />
		<bitmap id="bitmap.qq.weibo.icon.80" path="bitmap\PicShare\QQWeiboIcon\80.png" />
		<bitmap id="bitmap.qq.weibo.icon.81" path="bitmap\PicShare\QQWeiboIcon\81.png" />
		<bitmap id="bitmap.qq.weibo.icon.82" path="bitmap\PicShare\QQWeiboIcon\82.png" />
		<bitmap id="bitmap.qq.weibo.icon.83" path="bitmap\PicShare\QQWeiboIcon\83.png" />
		<bitmap id="bitmap.qq.weibo.icon.84" path="bitmap\PicShare\QQWeiboIcon\84.png" />
		<bitmap id="bitmap.qq.weibo.icon.85" path="bitmap\PicShare\QQWeiboIcon\85.png" />
		<bitmap id="bitmap.qq.weibo.icon.86" path="bitmap\PicShare\QQWeiboIcon\86.png" />
		<bitmap id="bitmap.qq.weibo.icon.87" path="bitmap\PicShare\QQWeiboIcon\87.png" />
		<bitmap id="bitmap.qq.weibo.icon.88" path="bitmap\PicShare\QQWeiboIcon\88.png" />
		<bitmap id="bitmap.qq.weibo.icon.89" path="bitmap\PicShare\QQWeiboIcon\89.png" />
		<bitmap id="bitmap.qq.weibo.icon.90" path="bitmap\PicShare\QQWeiboIcon\90.png" />
		<bitmap id="bitmap.qq.weibo.icon.91" path="bitmap\PicShare\QQWeiboIcon\91.png" />
		<bitmap id="bitmap.qq.weibo.icon.92" path="bitmap\PicShare\QQWeiboIcon\92.png" />
		<bitmap id="bitmap.qq.weibo.icon.93" path="bitmap\PicShare\QQWeiboIcon\93.png" />
	</resource>
</xlue>
