<xlue>
	<resource>
	<!--导航工具栏-->
		<!--返回-->
		<imagelist id="imageList.texture.button.mainview.bkg" vertical="0" splitter="1" varyblock="1" image="bitmap\Control\texture.button.mainview.bkg.png"/>
		<texture id="texture.button.mainview.bkg.normal" type="Stretch" imagelist="imageList.texture.button.mainview.bkg" index="1" />
		<texture id="texture.button.mainview.bkg.down" type="Stretch" imagelist="imageList.texture.button.mainview.bkg" index="3" />
		<texture id="texture.button.mainview.bkg.hover" type="Stretch" imagelist="imageList.texture.button.mainview.bkg" index="2" />
		
		
		<!--后退-->
		<imagelist id="texture.navigatebar.imageList.backward" vertical="0" splitter="1" varyblock="1" image="bitmap\FileMgrWnd\texture.navigatebar.backward.png"/>
		<texture id="texture.navigatebar.backward.normal" type="Stretch" imagelist="texture.navigatebar.imageList.backward" index="1" />
		<texture id="texture.navigatebar.backward.click" type="Stretch" imagelist="texture.navigatebar.imageList.backward" index="2" />
		<texture id="texture.navigatebar.backward.hover" type="Stretch" imagelist="texture.navigatebar.imageList.backward" index="3" />
		<texture id="texture.navigatebar.backward.disable" type="Stretch" imagelist="texture.navigatebar.imageList.backward" index="4" />
		<!--前进-->
		<imagelist id="texture.navigatebar.imageList.forward" vertical="0" splitter="1" varyblock="1" image="bitmap\FileMgrWnd\texture.navigatebar.forward.png"/>
		<texture id="texture.navigatebar.forward.normal" type="Stretch" imagelist="texture.navigatebar.imageList.forward" index="1" />
		<texture id="texture.navigatebar.forward.hover" type="Stretch" imagelist="texture.navigatebar.imageList.forward" index="2" />
		<texture id="texture.navigatebar.forward.click" type="Stretch" imagelist="texture.navigatebar.imageList.forward" index="3" />
		<texture id="texture.navigatebar.forward.disable" type="Stretch" imagelist="texture.navigatebar.imageList.forward" index="4" />

		<!--上一级-->
		<imagelist id="texture.navigatebar.imageList.upward" vertical="0" splitter="1" varyblock="1" image="bitmap\FileMgrWnd\texture.navigatebar.upward.png"/>
		<texture id="texture.navigatebar.upward.normal" type="Stretch" imagelist="texture.navigatebar.imageList.upward" index="1" />
		<texture id="texture.navigatebar.upward.click" type="Stretch" imagelist="texture.navigatebar.imageList.upward" index="2" />
		<texture id="texture.navigatebar.upward.hover" type="Stretch" imagelist="texture.navigatebar.imageList.upward" index="3" />
		<texture id="texture.navigatebar.upward.disable" type="Stretch" imagelist="texture.navigatebar.imageList.upward" index="4" />

		<!--排序-->
		<imagelist id="texture.navigatebar.imageList.sort" vertical="0" splitter="1" varyblock="1" image="bitmap\FileMgrWnd\texture.navigatebar.sort.png"/>
		<texture id="texture.navigatebar.sort.normal" type="Stretch" imagelist="texture.navigatebar.imageList.sort" index="1" />
		<texture id="texture.navigatebar.sort.hover" type="Stretch" imagelist="texture.navigatebar.imageList.sort" index="2" />
		<texture id="texture.navigatebar.sort.click" type="Stretch" imagelist="texture.navigatebar.imageList.sort" index="3" />		
	<!--工具栏-->
		<!--编辑背景-->
		<imagelist id="imageList.mgrwnd.toolbar.btn.edit" vertical="0" splitter="1" varyblock="1" image="bitmap\Control\texture.toolbar.btn.edit.bkg.png"/>
		<texture id="texture.mgrwnd.toolbar.btn.edit.normal" type="Stretch" imagelist="imageList.mgrwnd.toolbar.btn.edit" index="1" />
		<texture id="texture.mgrwnd.toolbar.btn.edit.hover" type="Stretch" imagelist="imageList.mgrwnd.toolbar.btn.edit" index="2" />
		<texture id="texture.mgrwnd.toolbar.btn.edit.down" type="Stretch" imagelist="imageList.mgrwnd.toolbar.btn.edit" index="3" />
		<texture id="texture.mgrwnd.toolbar.btn.edit.disable" type="Stretch" imagelist="imageList.mgrwnd.toolbar.btn.edit" index="1" />
		
		<imagelist id="imageList.mgrwnd.toolbar.btn.left" vertical="0" splitter="1" varyblock="1" image="bitmap\Control\texture.toolbar.btn.left.bkg.png"/>
		<texture id="texture.mgrwnd.toolbar.btn.left.normal" type="NineInOne" imagelist="imageList.mgrwnd.toolbar.btn.left" index="1" />
		<texture id="texture.mgrwnd.toolbar.btn.left.hover" type="NineInOne" imagelist="imageList.mgrwnd.toolbar.btn.left" index="2" />
		<texture id="texture.mgrwnd.toolbar.btn.left.down" type="NineInOne" imagelist="imageList.mgrwnd.toolbar.btn.left" index="3" />
		<texture id="texture.mgrwnd.toolbar.btn.left.disable" type="NineInOne" imagelist="imageList.mgrwnd.toolbar.btn.left" index="1" />
		
		<imagelist id="imageList.mgrwnd.toolbar.btn.mid" vertical="0" splitter="1" varyblock="1" image="bitmap\Control\texture.toolbar.btn.mid.bkg.png"/>
		<texture id="texture.mgrwnd.toolbar.btn.mid.normal" type="NineInOne" imagelist="imageList.mgrwnd.toolbar.btn.mid" index="1" />
		<texture id="texture.mgrwnd.toolbar.btn.mid.hover" type="NineInOne" imagelist="imageList.mgrwnd.toolbar.btn.mid" index="2" />
		<texture id="texture.mgrwnd.toolbar.btn.mid.down" type="NineInOne" imagelist="imageList.mgrwnd.toolbar.btn.mid" index="3" />
		<texture id="texture.mgrwnd.toolbar.btn.mid.disable" type="NineInOne" imagelist="imageList.mgrwnd.toolbar.btn.mid" index="1" />
	
		<imagelist id="imageList.mgrwnd.toolbar.btn.right" vertical="0" splitter="1" varyblock="1" image="bitmap\Control\texture.toolbar.btn.right.bkg.png"/>
		<texture id="texture.mgrwnd.toolbar.btn.right.normal" type="NineInOne" imagelist="imageList.mgrwnd.toolbar.btn.right" index="1" />
		<texture id="texture.mgrwnd.toolbar.btn.right.hover" type="NineInOne" imagelist="imageList.mgrwnd.toolbar.btn.right" index="2" />
		<texture id="texture.mgrwnd.toolbar.btn.right.down" type="NineInOne" imagelist="imageList.mgrwnd.toolbar.btn.right" index="3" />
		<texture id="texture.mgrwnd.toolbar.btn.right.disable" type="NineInOne" imagelist="imageList.mgrwnd.toolbar.btn.right" index="1" />
	
		<!--编辑图标-->
		<imagelist id="imagelist.mgrwnd.toolbar.icon.edit" vertical="0" splitter="1" varyblock="1" image="bitmap\FileMgrWnd\bitmap.toolbar.icon.edit.png"/>
		<bitmap id="bitmap.mgrwnd.toolbar.icon.edit.normal" imagelist="imagelist.mgrwnd.toolbar.icon.edit" index="1"/>
		<bitmap id="bitmap.mgrwnd.toolbar.icon.edit.hover" imagelist="imagelist.mgrwnd.toolbar.icon.edit" index="2"/>
		<bitmap id="bitmap.mgrwnd.toolbar.icon.edit.disable" imagelist="imagelist.mgrwnd.toolbar.icon.edit" index="3"/>
		<!--批量转正-->
		<imagelist id="imagelist.mgrwnd.toolbar.icon.rotate" vertical="0" splitter="1" varyblock="1" image="bitmap\FileMgrWnd\bitmap.toolbar.icon.rotate.png"/>
		<bitmap id="bitmap.mgrwnd.toolbar.icon.rotate.normal" imagelist="imagelist.mgrwnd.toolbar.icon.rotate" index="1"/>
		<bitmap id="bitmap.mgrwnd.toolbar.icon.rotate.hover" imagelist="imagelist.mgrwnd.toolbar.icon.rotate" index="2"/>
		<bitmap id="bitmap.mgrwnd.toolbar.icon.rotate.disable" imagelist="imagelist.mgrwnd.toolbar.icon.rotate" index="3"/>
		
		<!--批量转尺寸-->
		<imagelist id="imagelist.mgrwnd.toolbar.icon.resize" vertical="0" splitter="1" varyblock="1" image="bitmap\FileMgrWnd\bitmap.toolbar.icon.resize.png"/>
		<bitmap id="bitmap.mgrwnd.toolbar.icon.resize.normal" imagelist="imagelist.mgrwnd.toolbar.icon.resize" index="1"/>
		<bitmap id="bitmap.mgrwnd.toolbar.icon.resize.hover" imagelist="imagelist.mgrwnd.toolbar.icon.resize" index="2"/>
		<bitmap id="bitmap.mgrwnd.toolbar.icon.resize.disable" imagelist="imagelist.mgrwnd.toolbar.icon.resize" index="3"/>
		<!--批量重命名-->
		<imagelist id="imagelist.mgrwnd.toolbar.icon.rename" vertical="0" splitter="1" varyblock="1" image="bitmap\FileMgrWnd\bitmap.toolbar.icon.rename.png"/>
		<bitmap id="bitmap.mgrwnd.toolbar.icon.rename.normal" imagelist="imagelist.mgrwnd.toolbar.icon.rename" index="1"/>
		<bitmap id="bitmap.mgrwnd.toolbar.icon.rename.hover" imagelist="imagelist.mgrwnd.toolbar.icon.rename" index="2"/>
		<bitmap id="bitmap.mgrwnd.toolbar.icon.rename.disable" imagelist="imagelist.mgrwnd.toolbar.icon.rename" index="3"/>
		
		
	<!--左侧树-->
		<texture id="lefttree.texture.itembkg.normal" type="NineInOne" image="bitmap\FileMgrWnd\lefttree\texture.item.bkg.png" />
		<texture id="lefttree.texture.itembkg.hover" type="NineInOne" image="bitmap\FileMgrWnd\lefttree\texture.item.bkg.hover.png" />
		<bitmap id="lefttree.bitmap.big_arrow.expand" path="bitmap\FileMgrWnd\lefttree\big_arrow_expand.png" />
		<bitmap id="lefttree.bitmap.big_arrow.unexpanded" path="bitmap\FileMgrWnd\lefttree\big_arrow_unexpanded.png" />
		<bitmap id="lefttree.bitmap.small_arrow.expand" path="bitmap\FileMgrWnd\lefttree\small_arrow_expand.png" />
		<bitmap id="lefttree.bitmap.small_arrow.unexpanded" path="bitmap\FileMgrWnd\lefttree\small_arrow_unexpanded.png" />
		
		<imagelist id="imagelist.lefttree.itemicon.my_document" vertical="0" splitter="1" varyblock="1" image="bitmap\FileMgrWnd\lefttree\my_document.png"/>
		<bitmap id="lefttree.bitmap.itemicon.my_document.normal" imagelist="imagelist.lefttree.itemicon.my_document" index="1"/>
		<bitmap id="lefttree.bitmap.itemicon.my_document.hover" imagelist="imagelist.lefttree.itemicon.my_document" index="2"/>

		<imagelist id="imagelist.lefttree.itemicon.desktop" vertical="0" splitter="1" varyblock="1" image="bitmap\FileMgrWnd\lefttree\desktop.png"/>
		<bitmap id="lefttree.bitmap.itemicon.desktop.normal" imagelist="imagelist.lefttree.itemicon.desktop" index="1"/>
		<bitmap id="lefttree.bitmap.itemicon.desktop.hover" imagelist="imagelist.lefttree.itemicon.desktop" index="2"/>

		<imagelist id="imagelist.lefttree.itemicon.picture_collection" vertical="0" splitter="1" varyblock="1" image="bitmap\FileMgrWnd\lefttree\picture_collection.png"/>
		<bitmap id="lefttree.bitmap.itemicon.picture_collection.normal" imagelist="imagelist.lefttree.itemicon.picture_collection" index="1"/>
		<bitmap id="lefttree.bitmap.itemicon.picture_collection.hover" imagelist="imagelist.lefttree.itemicon.picture_collection" index="2"/>
		

		<!--磁盘-->
		<imagelist id="imagelist.lefttree.itemicon.local_disk" vertical="0" splitter="1" varyblock="1" image="bitmap\FileMgrWnd\lefttree\local_disk.png"/>
		<bitmap id="lefttree.bitmap.itemicon.local_disk.normal" imagelist="imagelist.lefttree.itemicon.local_disk" index="1"/>
		<bitmap id="lefttree.bitmap.itemicon.local_disk.hover" imagelist="imagelist.lefttree.itemicon.local_disk" index="2"/>
		
		<!--移动磁盘-->
		<imagelist id="imagelist.lefttree.itemicon.local_usb_disk" vertical="0" splitter="1" varyblock="1" image="bitmap\FileMgrWnd\lefttree\local_usb_disk.png"/>
		<bitmap id="lefttree.bitmap.itemicon.local_usb_disk.normal" imagelist="imagelist.lefttree.itemicon.local_usb_disk" index="1"/>
		<bitmap id="lefttree.bitmap.itemicon.local_usb_disk.hover" imagelist="imagelist.lefttree.itemicon.local_usb_disk" index="2"/>
		<!--文件夹-->
		<imagelist id="imagelist.lefttree.itemicon.folder" vertical="0" splitter="1" varyblock="1" image="bitmap\FileMgrWnd\lefttree\folder.png"/>
		<bitmap id="lefttree.bitmap.itemicon.folder.normal" imagelist="imagelist.lefttree.itemicon.folder" index="1"/>
		<bitmap id="lefttree.bitmap.itemicon.folder.hover" imagelist="imagelist.lefttree.itemicon.folder" index="2"/>
		
	<!--文件格式图标-->	
		<bitmap id="bitmap.filemgrwnd.format.folder.min" path="bitmap\FileMgrWnd\fileformat\folder.min.png"/>
		<bitmap id="bitmap.filemgrwnd.format.folder.mid" path="bitmap\FileMgrWnd\fileformat\folder.mid.png"/>
		<bitmap id="bitmap.filemgrwnd.format.folder.max" path="bitmap\FileMgrWnd\fileformat\folder.max.png"/>
		<bitmap id="bitmap.filemgrwnd.format.unload" path="bitmap\FileMgrWnd\fileformat\unloadfile.png"/>
		<bitmap id="bitmap.filemgrwnd.nofiles.icon" image="bitmap\FileMgrWnd\fileformat\bitmap.nofiles.icon.png" />
	<!--右侧文件展示区-->
		<texture id="texture.client.mgrwnd.navigatebar.bkg" type="ThreeInOneH" image="bitmap\FileMgrWnd\texture.client.mgrwnd.navigatebar.bkg.png" />
		<texture id="texture.client.mgrwnd.toolbar.bkg" type="ThreeInOneH" image="bitmap\FileMgrWnd\texture.client.mgrwnd.toolbar.bkg.png" />
		<texture id="texture.client.imageview.bkg" type="NineInOne" image="bitmap\FileMgrWnd\texture.client.imageview.bkg.png" />
		<texture id="texture.client.mgrwnd.statusbar.bkg" type="ThreeInOneH" image="bitmap\FileMgrWnd\texture.client.mgrwnd.statusbar.bkg.png" />
		<texture id="texture.client.mgrwnd.lefttree.bkg" type="NineInOne" image="bitmap\FileMgrWnd\lefttree\texture.client.mgrwnd.lefttree.bkg.png" />
		<texture id="texture.tree.bkg" type="NineInOne" image="bitmap\FileMgrWnd\lefttree\texture.tree.bkg.png" />
		
		<!--右侧文件展示区底部slider-->
		<texture id="texture.mgrwnd.status.sliderbar.bkg" type="ThreeInOneH" image="bitmap\Control\texture.sliderbar.bkg.png" />
		<texture id="texture.mgrwnd.status.sliderbar.hoverbkg" type="ThreeInOneH" image="bitmap\Control\texture.sliderbar.hoverbkg.png" />
		<imagelist id="imagelist.mgrwnd.status.sliderbar.btn" vertical="0" splitter="1" varyblock="1" image="bitmap\Control\texture.sliderbar.btn.bkg.png"/>
		<texture id="texture.mgrwnd.status.sliderbar.btn.normal" type="Stretch" imagelist="imagelist.mgrwnd.status.sliderbar.btn" index="1" />
		<texture id="texture.mgrwnd.status.sliderbar.btn.hover" type="Stretch" imagelist="imagelist.mgrwnd.status.sliderbar.btn" index="2" />
		<texture id="texture.mgrwnd.status.sliderbar.btn.down" type="Stretch" imagelist="imagelist.mgrwnd.status.sliderbar.btn" index="3" />
		<texture id="texture.mgrwnd.status.sliderbar.btn.disable" type="Stretch" imagelist="imagelist.mgrwnd.status.sliderbar.btn" index="4" />
		
		
	<!--Item对象-->	
		<imagelist id="imagelist.mgrwnd.filelist.itembkg" vertical="0" splitter="1" varyblock="1" image="bitmap\FileMgrWnd\texture.fileitem.bkg.png"/>
		<texture id="texture.filemgrwnd.itembkg.hover" type="NineInOne" imagelist="imagelist.mgrwnd.filelist.itembkg" index="1" />
		<texture id="texture.filemgrwnd.itembkg.sel" type="NineInOne" imagelist="imagelist.mgrwnd.filelist.itembkg" index="2" />
	<!--右键菜单-->
		<bitmap id="bitmap.context.select.icon" path="bitmap\bitmap.select.icon.png" />
		<bitmap id="bitmap.menu.icon.edit" path="bitmap\FileMgrWnd\bitmap.menu.icon.edit.png" />
		<bitmap id="bitmap.menu.icon.rightrotate" path="bitmap\FileMgrWnd\bitmap.menu.icon.rightrotate.png" />
		<bitmap id="bitmap.menu.icon.leftrotate" path="bitmap\FileMgrWnd\bitmap.menu.icon.leftrotate.png" />
		<bitmap id="bitmap.menu.icon.delete" path="bitmap\FileMgrWnd\bitmap.menu.icon.delete.png" />
		
		
		<bitmap id="menu.splitter" path="bitmap\Other\texture.mainwnd.splitline.h.png"/>
	</resource>
</xlue>
