<xlue>
	<resource>
		<imagelist  id="icon.jigsaw.jointjigsaw" vertical="0" splitter="1" varyblock="1" image="bitmap\jigsaw\icon.jigsaw.Jointjigsaw.png" />
		<texture id="icon.jigsaw.jointjigsaw.normal" type="Stretch" imagelist="icon.jigsaw.jointjigsaw" index="1"/>
		<texture id="icon.jigsaw.jointjigsaw.hover" type="Stretch" imagelist="icon.jigsaw.jointjigsaw" index="2"/>
		
		<bitmap id="bitmap.icon.jigsaw.jointjigsaw.normal" imagelist="icon.jigsaw.jointjigsaw" index="1"/>
		<bitmap id="bitmap.icon.jigsaw.jointjigsaw.hover" imagelist="icon.jigsaw.jointjigsaw" index="2"/>
		
		<imagelist  id="icon.jigsaw.freejigsaw" vertical="0" splitter="1" varyblock="1" image="bitmap\jigsaw\icon.jigsaw.Freejigsaw.png" />
		<texture id="icon.jigsaw.freejigsaw.normal" type="Stretch" imagelist="icon.jigsaw.freejigsaw" index="1"/>
		<texture id="icon.jigsaw.freejigsaw.hover" type="Stretch" imagelist="icon.jigsaw.freejigsaw" index="2"/>
		
		<bitmap id="bitmap.icon.jigsaw.freejigsaw.normal" imagelist="icon.jigsaw.freejigsaw" index="1"/>
		<bitmap id="bitmap.icon.jigsaw.freejigsaw.hover" imagelist="icon.jigsaw.freejigsaw" index="2"/>
		
		<imagelist  id="icon.jigsaw.patternjigsaw" vertical="0" splitter="1" varyblock="1" image="bitmap\jigsaw\icon.jigsaw.Patternjigsaw.png" />
		<texture id="icon.jigsaw.patternjigsaw.normal" type="Stretch" imagelist="icon.jigsaw.patternjigsaw" index="1"/>
		<texture id="icon.jigsaw.patternjigsaw.hover" type="Stretch" imagelist="icon.jigsaw.patternjigsaw" index="2"/>
		
		<bitmap id="bitmap.icon.jigsaw.patternjigsaw.normal" imagelist="icon.jigsaw.patternjigsaw" index="1"/>
		<bitmap id="bitmap.icon.jigsaw.patternjigsaw.hover" imagelist="icon.jigsaw.patternjigsaw" index="2"/>
		
		<bitmap  id="texture.jigsaw.imagepool.selected" path="bitmap\Other\texture.jigsaw.selected.png" />		
		<imagelist  id="texture.jigsaw.imagepool.del" vertical="0" splitter="1" varyblock="1" image="bitmap\jigsaw\texture.jigsaw.del.icon.png" />
		<texture id="texture.jigsaw.imagepool.del.normal" type="Stretch" imagelist="texture.jigsaw.imagepool.del" index="1"/>
		<texture id="texture.jigsaw.imagepool.del.hover" type="Stretch" imagelist="texture.jigsaw.imagepool.del" index="2"/>
		
		<!--系统按钮-->
		<imagelist id="imagelist.jigsaw.mainwnd.systembtn.max" vertical="0" splitter="1" varyblock="1" image="bitmap\Dlg\texture.jigsaw.mainwnd.systembtn.max.png"/>
		<texture id="texture.jigsaw.mainwnd.systembtn.max.normal" type="Stretch" imagelist="imagelist.jigsaw.mainwnd.systembtn.max" index="1" />
		<texture id="texture.jigsaw.mainwnd.systembtn.max.hover" type="Stretch" imagelist="imagelist.jigsaw.mainwnd.systembtn.max" index="3" />
		<texture id="texture.jigsaw.mainwnd.systembtn.max.down" type="Stretch" imagelist="imagelist.jigsaw.mainwnd.systembtn.max" index="2" />
		
		<imagelist id="imagelist.jigsaw.mainwnd.systembtn.restore" vertical="0" splitter="1" varyblock="1" image="bitmap\Dlg\texture.jigsaw.mainwnd.systembtn.restore.png"/>
		<texture id="texture.jigsaw.mainwnd.systembtn.restore.normal" type="Stretch" imagelist="imagelist.jigsaw.mainwnd.systembtn.restore" index="1" />
		<texture id="texture.jigsaw.mainwnd.systembtn.restore.hover" type="Stretch" imagelist="imagelist.jigsaw.mainwnd.systembtn.restore" index="3" />
		<texture id="texture.jigsaw.mainwnd.systembtn.restore.down" type="Stretch" imagelist="imagelist.jigsaw.mainwnd.systembtn.restore" index="2" />
		
		
		<imagelist id="imagelist.jigsaw.mainwnd.systembtn.close" vertical="0" splitter="1" varyblock="1" image="bitmap\Dlg\texture.jigsaw.mainwnd.systembtn.close.png"/>
		<texture id="texture.jigsaw.mainwnd.systembtn.close.normal" type="Stretch" imagelist="imagelist.jigsaw.mainwnd.systembtn.close" index="1" />
		<texture id="texture.jigsaw.mainwnd.systembtn.close.hover" type="Stretch" imagelist="imagelist.jigsaw.mainwnd.systembtn.close" index="2" />
		<texture id="texture.jigsaw.mainwnd.systembtn.close.down" type="Stretch" imagelist="imagelist.jigsaw.mainwnd.systembtn.close" index="3" />
		
		<imagelist id="texture.jigsaw.btn.size.bkg" vertical="0" splitter="1" varyblock="1" image="bitmap\Control\bitmap.jigsaw.button.bkg.png"/>
		<texture id="texture.jigsaw.btn.size.bkg.normal" type="NineInOne" imagelist="texture.jigsaw.btn.size.bkg" index="2" />
		<texture id="texture.jigsaw.btn.size.bkg.hover" type="NineInOne" imagelist="texture.jigsaw.btn.size.bkg" index="4" />
		<texture id="texture.jigsaw.btn.size.bkg.down" type="NineInOne" imagelist="texture.jigsaw.btn.size.bkg" index="3" />
		<texture id="texture.jigsaw.btn.size.bkg.disable" type="NineInOne" imagelist="texture.jigsaw.btn.size.bkg" index="1" />
		
		<!--按钮-->
		<imagelist id="texture.jigsaw.btn.opentexture.bkg" vertical="0" splitter="1" varyblock="1" image="bitmap\jigsaw\texture.btn.opentexture.bkg.png"/>
		<texture id="texture.jigsaw.btn.opentexture.normal" type="Stretch" imagelist="texture.jigsaw.btn.opentexture.bkg" index="2" />
		<texture id="texture.jigsaw.btn.opentexture.hover" type="Stretch" imagelist="texture.jigsaw.btn.opentexture.bkg" index="1" />
		<texture id="texture.jigsaw.btn.opentexture.down" type="Stretch" imagelist="texture.jigsaw.btn.opentexture.bkg" index="3" />
		<!--图片拼接-->
		<imagelist id="texture.jigsaw.jointjigsaw.her.icon" vertical="0" splitter="1" varyblock="1" image="bitmap\jigsaw\texture.jigsaw.jointjigsaw.her.icon.png" />
		<bitmap id="texture.jigsaw.jointjigsaw.her.icon.normal"  imagelist="texture.jigsaw.jointjigsaw.her.icon" index="1"/>
		<bitmap id="texture.jigsaw.jointjigsaw.her.icon.hover"  imagelist="texture.jigsaw.jointjigsaw.her.icon" index="2"/>

		<imagelist id="texture.jigsaw.jointjigsaw.ver.icon" vertical="0" splitter="1" varyblock="1" image="bitmap\jigsaw\texture.jigsaw.jointjigsaw.ver.icon.png" />
		<bitmap id="texture.jigsaw.jointjigsaw.ver.icon.normal"  imagelist="texture.jigsaw.jointjigsaw.ver.icon" index="1" />
		<bitmap id="texture.jigsaw.jointjigsaw.ver.icon.hover"  imagelist="texture.jigsaw.jointjigsaw.ver.icon" index="2" />
			
		<imagelist id="texture.icon.button.share" vertical="0" splitter="1" varyblock="1" image="bitmap\jigsaw\texture.icon.button.share.png" />
		<bitmap id="texture.icon.button.share.normal" imagelist="texture.icon.button.share" index="2"/>
		<bitmap id="texture.icon.button.share.hover" imagelist="texture.icon.button.share" index="3"/>
		<bitmap id="texture.icon.button.share.disable" imagelist="texture.icon.button.share" index="1"/>
		
		<imagelist id="icon.Rbutton.hmirror" vertical="0" splitter="1" varyblock="1" image="bitmap\jigsaw\icon.Rbutton.hmirror.png"/>
		<bitmap id="icon.Rbutton.hmirror.normal" imagelist="icon.Rbutton.hmirror" index="1"/>
		<bitmap id="icon.Rbutton.hmirror.hover" imagelist="icon.Rbutton.hmirror" index="2"/>
		
		<imagelist id="icon.Rbutton.vmirror" vertical="0" splitter="1" varyblock="1" image="bitmap\jigsaw\icon.Rbutton.vmirror.png"/>
		<bitmap id="icon.Rbutton.vmirror.normal" imagelist="icon.Rbutton.vmirror" index="1"/>
		<bitmap id="icon.Rbutton.vmirror.hover" imagelist="icon.Rbutton.vmirror" index="2"/>
		
		<imagelist id="icon.Rbutton.lrotate" vertical="0" splitter="1" varyblock="1" image="bitmap\jigsaw\icon.Rbutton.lrotate.png"/>
		<bitmap id="icon.Rbutton.lrotate.normal" imagelist="icon.Rbutton.lrotate" index="1"/>
		<bitmap id="icon.Rbutton.lrotate.hover" imagelist="icon.Rbutton.lrotate" index="2"/>
		
		<imagelist id="icon.Rbutton.rrotate" vertical="0" splitter="1" varyblock="1" image="bitmap\jigsaw\icon.Rbutton.rrotate.png"/>
		<bitmap id="icon.Rbutton.rrotate.normal" imagelist="icon.Rbutton.rrotate" index="1"/>
		<bitmap id="icon.Rbutton.rrotate.hover" imagelist="icon.Rbutton.rrotate" index="2"/>
		
		<imagelist id="icon.Rbutton.delete" vertical="0" splitter="1" varyblock="1" image="bitmap\jigsaw\icon.Rbutton.delete.png"/>
		<bitmap id="icon.Rbutton.delete.normal" imagelist="icon.Rbutton.delete" index="1"/>
		<bitmap id="icon.Rbutton.delete.hover" imagelist="icon.Rbutton.delete" index="2"/>
		
		<imagelist id="bitmap.jigsaw.button.cat" vertical="0" splitter="1" varyblock="1" image="bitmap\Control\bitmap.jigsaw.button.cat.png"/>
		<texture id="bitmap.jigsaw.button.cat.normal" type="NineInOne" imagelist="bitmap.jigsaw.button.cat" index="1"/>
		<texture id="bitmap.jigsaw.button.cat.hover" type="NineInOne" imagelist="bitmap.jigsaw.button.cat" index="2"/>
		<texture id="bitmap.jigsaw.button.cat.down" type="NineInOne" imagelist="bitmap.jigsaw.button.cat" index="3"/>

		
	</resource>
</xlue>
