<xlue>
	<resource>
		<!--素材上传窗口图标-->
		<imagelist  id="imagelist.materialcenter.uploadmaterial" vertical="0" splitter="1" varyblock="1" image="bitmap\materialcenter\icon.materialcenter.uploadmaterial.png" />
		<texture id="texture.icon.materialcenter.uploadmaterial.normal" type="Stretch" imagelist="imagelist.materialcenter.uploadmaterial" index="1"/>
		<texture id="texture.icon.materialcenter.uploadmaterial.hover" type="Stretch" imagelist="imagelist.materialcenter.uploadmaterial" index="2"/>
		
		<!--删除按钮-->
		<imagelist  id="imagelist.materialcenter.imagepool.del" vertical="0" splitter="1" varyblock="1" image="bitmap\materialcenter\texture.materialcenter.del.png" />
		<texture id="texture.materialcenter.imagepool.del.normal" type="Stretch" imagelist="imagelist.materialcenter.imagepool.del" index="1"/>
		<texture id="texture.materialcenter.imagepool.del.hover" type="Stretch" imagelist="imagelist.materialcenter.imagepool.del" index="2"/>
		
		<!--设为封面纹理-->
		<imagelist id="imageList.materialcenter.markascover" vertical="0" splitter="1" varyblock="1" image="bitmap\materialcenter\texture.materialcenter.markascover.png"/>
		<texture id="texture.materialcenter.markascover.normal" type="ThreeInOneH" imagelist="imageList.materialcenter.markascover" index="1" />
		<texture id="texture.materialcenter.markascover.hover" type="ThreeInOneH" imagelist="imageList.materialcenter.markascover" index="2" />
		
		<!--告警图标-->
		<bitmap id="bitmap.icon.materialcenter.alert" path="bitmap\materialcenter\icon.materialcenter.alert.png" />
		<!--上传箭头图标-->
		<bitmap id="bitmap.icon.materialcenter.uploadarrow" path="bitmap\materialcenter\icon.materialcenter.uploadarrow.png" />
		
		<!--添加素材按钮-->
		<imagelist id="imagelist.materialcenter.addmaterialbutton" vertical="0" splitter="1" varyblock="1" image="bitmap\materialcenter\texture.materialcenter.addmaterialbutton.png"/>
		<texture id="texture.materialcenter.addmaterialbutton.normal" type="NineInOne" imagelist="imagelist.materialcenter.addmaterialbutton" index="1"/>
		<texture id="texture.materialcenter.addmaterialbutton.hover" type="NineInOne" imagelist="imagelist.materialcenter.addmaterialbutton" index="2"/>
		<texture id="texture.materialcenter.addmaterialbutton.down" type="NineInOne" imagelist="imagelist.materialcenter.addmaterialbutton" index="3"/>
		<!--添加效果图按钮-->
		<imagelist id="imagelist.materialcenter.addeffectbutton" vertical="0" splitter="1" varyblock="1" image="bitmap\materialcenter\texture.materialcenter.addeffectbutton.png"/>
		<texture id="texture.materialcenter.addeffectbutton.normal" type="NineInOne" imagelist="imagelist.materialcenter.addeffectbutton" index="1"/>
		<texture id="texture.materialcenter.addeffectbutton.hover" type="NineInOne" imagelist="imagelist.materialcenter.addeffectbutton" index="2"/>
		<texture id="texture.materialcenter.addeffectbutton.down" type="NineInOne" imagelist="imagelist.materialcenter.addeffectbutton" index="3"/>

		<!--添加素材加号图标-->
		<bitmap id="bitmap.icon.materialcenter.addmaterial.normal" path="bitmap\materialcenter\icon.materialcenter.addmaterial.png" />
		<bitmap id="bitmap.icon.materialcenter.addmaterial.hover" path="bitmap\materialcenter\icon.materialcenter.addmaterial.png" />
		<bitmap id="bitmap.icon.materialcenter.addmaterial.down" path="bitmap\materialcenter\icon.materialcenter.addmaterial.png" />
		<!--添加效果图加号-->
		<imagelist id="imagelist.materialcenter.addeffect" vertical="0" splitter="1" varyblock="1" image="bitmap\materialcenter\icon.materialcenter.addeffect.png"/>
		<bitmap id="bitmap.icon.materialcenter.addeffect.normal" imagelist="imagelist.materialcenter.addeffect" index="1"/>
		<bitmap id="bitmap.icon.materialcenter.addeffect.hover" imagelist="imagelist.materialcenter.addeffect" index="2"/>
		<bitmap id="bitmap.icon.materialcenter.addeffect.down" imagelist="imagelist.materialcenter.addeffect" index="3"/>
		
		<imagelist id="imagelist.browser.back.icon" vertical="0" splitter="1" varyblock="1" image="bitmap\materialcenter\bitmap.browser.back.icon.png"/>
		<texture id="bitmap.browser.back.icon.normal" type="Stretch" imagelist="imagelist.browser.back.icon" index="1"/>
		<texture id="bitmap.browser.back.icon.hover" type="Stretch" imagelist="imagelist.browser.back.icon" index="2"/>
		<texture id="bitmap.browser.back.icon.down" type="Stretch" imagelist="imagelist.browser.back.icon" index="3"/>
		<texture id="bitmap.browser.back.icon.disable" type="Stretch" imagelist="imagelist.browser.back.icon" index="4"/>
		
		<imagelist id="imagelist.browser.go.icon" vertical="0" splitter="1" varyblock="1" image="bitmap\materialcenter\bitmap.browser.go.icon.png"/>
		<texture id="bitmap.browser.go.icon.normal" type="Stretch" imagelist="imagelist.browser.go.icon" index="1"/>
		<texture id="bitmap.browser.go.icon.hover" type="Stretch" imagelist="imagelist.browser.go.icon" index="2"/>
		<texture id="bitmap.browser.go.icon.down" type="Stretch" imagelist="imagelist.browser.go.icon" index="3"/>
		<texture id="bitmap.browser.go.icon.disable" type="Stretch" imagelist="imagelist.browser.go.icon" index="4"/>	
		
		<bitmap id="texture.tab.underline" image="bitmap\materialcenter\texture.tab.underline.png"/>
		<texture id="texture.top.bkg" type="NineInOne" image="bitmap\materialcenter\texture.top.bkg.png"/>
		<texture id="texture.dropdown.wnd.bkg" type="NineInOne" image="bitmap\materialcenter\texture.dropdown.bkg.png"/>
		
		<imagelist id="imagelist.userthumbnail.bkg" vertical="0" splitter="1" varyblock="1" image="bitmap\materialcenter\texture.userthumbnail.bkg.png"/>
		<texture id="texture.userthumbnail.bkg.normal" type="ThreeInOneH" imagelist="imagelist.userthumbnail.bkg" index="1"/>
		<texture id="texture.userthumbnail.bkg.hover" type="ThreeInOneH" imagelist="imagelist.userthumbnail.bkg" index="2"/>
		<texture id="texture.userthumbnail.bkg.down" type="ThreeInOneH" imagelist="imagelist.userthumbnail.bkg" index="3"/>
		<texture id="texture.userthumbnail.bkg.disable" type="ThreeInOneH" imagelist="imagelist.userthumbnail.bkg" index="1"/>	
		
		<imagelist id="imagelist.texture.login.button.bkg" vertical="0" splitter="1" varyblock="1" image="bitmap\materialcenter\texture.login.button.bkg.png"/>
		<texture id="texture.login.button.bkg.normal" type="ThreeInOneH" imagelist="imagelist.texture.login.button.bkg" index="1"/>
		<texture id="texture.login.button.bkg.hover" type="ThreeInOneH" imagelist="imagelist.texture.login.button.bkg" index="2"/>
		<texture id="texture.login.button.bkg.down" type="ThreeInOneH" imagelist="imagelist.texture.login.button.bkg" index="3"/>
		<texture id="texture.login.button.bkg.disable" type="ThreeInOneH" imagelist="imagelist.texture.login.button.bkg" index="1"/>		
		
		
		<imagelist id="imagelist.web.menu.item.bkg" vertical="0" splitter="1" varyblock="1" image="bitmap\materialcenter\texture.web.menu.item.bkg.png"/>
		<texture id="texture.web.menu.item.bkg.normal" type="NineInOne" imagelist="imagelist.web.menu.item.bkg" index="1"/>
		<texture id="texture.web.menu.item.bkg.hover" type="NineInOne" imagelist="imagelist.web.menu.item.bkg" index="2"/>
		
		<bitmap id="bitmap.menu.spliter.vertical" image="bitmap\materialcenter\bitmap.spliter.vertical.png"/>
	</resource>
</xlue>