<xlue>
	<resource>
		<!--边框背景-->
		<texture id="texture.frame.mainwnd.bkg" type="NineInOne" path="bitmap\Dlg\texture.frame.mainwnd.bkg.png" />

		<!--安装说明背景-->
		<texture id="texture.frame.install.dlgbkg" type="NineInOne" path="bitmap\Dlg\texture.frame.install.dlgbkg.png" />

		<!--各边框图标-->
		<imagelist id="imagelist.frame.extendborder.icon" vertical="0" splitter="1" varyblock="1" image="bitmap\frame\bitmap.frame.extendborder.icon.png"/>
		<bitmap id="bitmap.frame.extendborder.icon.normal" imagelist="imagelist.frame.extendborder.icon" index="1" />
		<bitmap id="bitmap.frame.extendborder.icon.hover" imagelist="imagelist.frame.extendborder.icon" index="2" />
		
		<imagelist id="imagelist.bitmap.frame.extendborder.byimage" vertical="0" splitter="1" varyblock="1" image="bitmap\frame\bitmap.frame.extendborder.byimage.png"/>
		<bitmap id="bitmap.frame.extendborder.byimage" imagelist="imagelist.bitmap.frame.extendborder.byimage" index="1" />

		<imagelist id="imagelist.frame.easyframe.icon" vertical="0" splitter="1" varyblock="1" image="bitmap\frame\bitmap.frame.easyframe.icon.png"/>
		<bitmap id="bitmap.frame.easyframe.icon.normal" imagelist="imagelist.frame.easyframe.icon" index="1" />
		<bitmap id="bitmap.frame.easyframe.icon.hover" imagelist="imagelist.frame.easyframe.icon" index="2" />

		<imagelist id="imagelist.frame.maskframe.icon" vertical="0" splitter="1" varyblock="1" image="bitmap\frame\bitmap.frame.maskframe.icon.png"/>
		<bitmap id="bitmap.frame.maskframe.icon.normal" imagelist="imagelist.frame.maskframe.icon" index="1" />
		<bitmap id="bitmap.frame.maskframe.icon.hover" imagelist="imagelist.frame.maskframe.icon" index="2" />

		<imagelist id="imagelist.frame.mainmenu.item.bkg" vertical="0" splitter="1" varyblock="1" image="bitmap\frame\texture.frame.mainmenu.item.bkg.png"/>
		<texture id="texture.frame.mainmenu.item.bkg.normal" type="NineInOne" imagelist="imagelist.frame.mainmenu.item.bkg" index="1"/>
		<texture id="texture.frame.mainmenu.item.bkg.hover" type="NineInOne" imagelist="imagelist.frame.mainmenu.item.bkg" index="2"/>

		<texture id="texture.frame.mainmenu.bkg" type="ThreeInOneV" path="bitmap\frame\texture.frame.mainmenu.bkg.png" />
		<texture id="texture.frame.tips.left.bottom.bkg" type="NineInOne" path="bitmap\frame\texture.frame.tips.left.bottom.bkg.png" />
		<texture id="texture.frame.view.mask.bkg" type="NineInOne" path="bitmap\frame\texture.frame.view.mask.bkg.png" />

		<bitmap id="bitmap.frame.net.error.icon" path="bitmap\frame\bitmap.frame.net.error.icon.png" />

		<imagelist id="imagelist.frame.process.waitani" vertical="0" splitter="1" varyblock="1" image="bitmap\frame\imagelist.frame.waiting.ani.png"/>
		<imageseq id="frame.process.waiting" imagelist="imagelist.frame.process.waitani" />

		<imagelist id="imagelist.frame.collect.icon" vertical="0" splitter="1" varyblock="1" image="bitmap\frame\texture.frame.collect.icon.png"/>
		<texture id="texture.frame.collect.icon.normal" type="Stretch" imagelist="imagelist.frame.collect.icon" index="1" />
		<texture id="texture.frame.collect.icon.hover" type="Stretch" imagelist="imagelist.frame.collect.icon" index="2" />
		<texture id="texture.frame.collect.icon.down" type="Stretch" imagelist="imagelist.frame.collect.icon" index="3" />

		<!--通用按钮背景-->
		<imagelist id="imagelist.frame.btn.bkg" vertical="0" splitter="1" varyblock="1" image="bitmap\Control\general.button.bkg.png"/>
		<texture id="texture.frame.btn.bkg.normal" type="NineInOne" imagelist="imagelist.frame.btn.bkg" index="1"/>
		<texture id="texture.frame.btn.bkg.hover" type="NineInOne" imagelist="imagelist.frame.btn.bkg" index="2"/>
		<texture id="texture.frame.btn.bkg.down" type="NineInOne" imagelist="imagelist.frame.btn.bkg" index="3"/>
		<texture id="texture.frame.btn.bkg.disable" type="NineInOne" imagelist="imagelist.frame.btn.bkg" index="3"/>

		<imagelist id="imagelist.frame.btn.blue.bkg" vertical="0" splitter="1" varyblock="1" image="bitmap\Control\general.btn.blue.bkg.png"/>
		<texture id="texture.frame.btn.blue.bkg.normal" type="NineInOne" imagelist="imagelist.frame.btn.blue.bkg" index="1"/>
		<texture id="texture.frame.btn.blue.bkg.hover" type="NineInOne" imagelist="imagelist.frame.btn.blue.bkg" index="2"/>
		<texture id="texture.frame.btn.blue.bkg.down" type="NineInOne" imagelist="imagelist.frame.btn.blue.bkg" index="3"/>
		<texture id="texture.frame.btn.blue.bkg.disable" type="NineInOne" imagelist="imagelist.frame.btn.blue.bkg" index="4"/>

		<imagelist id="imagelist.frame.dlgwnd.btn.bkg" vertical="0" splitter="1" varyblock="1" image="bitmap\Control\general.button.bkg.png"/>
		<texture id="texture.frame.dlgwnd.btn.bkg.normal" type="NineInOne" imagelist="imagelist.frame.dlgwnd.btn.bkg" index="1"/>
		<texture id="texture.frame.dlgwnd.btn.bkg.hover" type="NineInOne" imagelist="imagelist.frame.dlgwnd.btn.bkg" index="2"/>
		<texture id="texture.frame.dlgwnd.btn.bkg.down" type="NineInOne" imagelist="imagelist.frame.dlgwnd.btn.bkg" index="3"/>

		<imagelist id="imagelist.frame.dlgwnd.btn.blue.bkg" vertical="0" splitter="1" varyblock="1" image="bitmap\Control\general.btn.blue.bkg.png"/>
		<texture id="texture.frame.dlgwnd.btn.blue.bkg.normal" type="NineInOne" imagelist="imagelist.frame.dlgwnd.btn.blue.bkg" index="1"/>
		<texture id="texture.frame.dlgwnd.btn.blue.bkg.hover" type="NineInOne" imagelist="imagelist.frame.dlgwnd.btn.blue.bkg" index="2"/>
		<texture id="texture.frame.dlgwnd.btn.blue.bkg.down" type="NineInOne" imagelist="imagelist.frame.dlgwnd.btn.blue.bkg" index="3"/>

		<imagelist id="imagelist.frame.filelist.item.bkg" vertical="0" splitter="1" varyblock="1" image="bitmap\frame\texture.frame.filelist.item.bkg.png"/>
		<texture id="texture.frame.filelist.item.bkg.normal" type="NineInOne" imagelist="imagelist.frame.filelist.item.bkg" index="1"/>
		<texture id="texture.frame.filelist.item.bkg.hover" type="NineInOne" imagelist="imagelist.frame.filelist.item.bkg" index="2"/>
		<texture id="texture.frame.filelist.item.bkg.down" type="NineInOne" imagelist="imagelist.frame.filelist.item.bkg" index="3"/>

		<imagelist id="imagelist.frame.category.midbtn.bkg" vertical="0" splitter="1" varyblock="1" image="bitmap\Control\general.btn.status.bkg.png"/>
		<texture id="texture.frame.category.midbtn.bkg.normal" type="NineInOne" imagelist="imagelist.frame.category.midbtn.bkg" index="1"/>
		<texture id="texture.frame.category.midbtn.bkg.hover" type="NineInOne" imagelist="imagelist.frame.category.midbtn.bkg" index="2"/>
		<texture id="texture.frame.category.midbtn.bkg.down" type="NineInOne" imagelist="imagelist.frame.category.midbtn.bkg" index="3"/>
		<texture id="texture.frame.category.midbtn.bkg.sel" type="NineInOne" imagelist="imagelist.frame.category.midbtn.bkg" index="3"/>
		<texture id="texture.frame.category.midbtn.bkg.disable" type="NineInOne" imagelist="imagelist.frame.category.midbtn.bkg" index="3"/>

		<imagelist id="imagelist.frame.category.rightbtn.bkg" vertical="0" splitter="1" varyblock="1" image="bitmap\Control\general.btn.status.bkg.png"/>
		<texture id="texture.frame.category.rightbtn.bkg.normal" type="NineInOne" imagelist="imagelist.frame.category.rightbtn.bkg" index="1"/>
		<texture id="texture.frame.category.rightbtn.bkg.hover" type="NineInOne" imagelist="imagelist.frame.category.rightbtn.bkg" index="2"/>
		<texture id="texture.frame.category.rightbtn.bkg.down" type="NineInOne" imagelist="imagelist.frame.category.rightbtn.bkg" index="3"/>
		<texture id="texture.frame.category.rightbtn.bkg.sel" type="NineInOne" imagelist="imagelist.frame.category.rightbtn.bkg" index="3"/>
		<texture id="texture.frame.category.rightbtn.bkg.disable" type="NineInOne" imagelist="imagelist.frame.category.rightbtn.bkg" index="3"/>

		<imagelist id="imagelist.frame.category.leftbtn.bkg" vertical="0" splitter="1" varyblock="1" image="bitmap\Control\general.btn.status.bkg.png"/>
		<texture id="texture.frame.category.leftbtn.bkg.normal" type="NineInOne" imagelist="imagelist.frame.category.leftbtn.bkg" index="1"/>
		<texture id="texture.frame.category.leftbtn.bkg.hover" type="NineInOne" imagelist="imagelist.frame.category.leftbtn.bkg" index="2"/>
		<texture id="texture.frame.category.leftbtn.bkg.down" type="NineInOne" imagelist="imagelist.frame.category.leftbtn.bkg" index="3"/>
		<texture id="texture.frame.category.leftbtn.bkg.sel" type="NineInOne" imagelist="imagelist.frame.category.leftbtn.bkg" index="3"/>
		<texture id="texture.frame.category.leftbtn.bkg.disable" type="NineInOne" imagelist="imagelist.frame.category.leftbtn.bkg" index="3"/>

		<imagelist id="imagelist.frame.tab.leftbtn.bkg" vertical="0" splitter="1" varyblock="1" image="bitmap\frame\texture.frame.tab.leftbtn.bkg.png"/>
		<texture id="texture.frame.tab.leftbtn.bkg.normal" type="NineInOne" imagelist="imagelist.frame.tab.leftbtn.bkg" index="2"/>
		<texture id="texture.frame.tab.leftbtn.bkg.hover" type="NineInOne" imagelist="imagelist.frame.tab.leftbtn.bkg" index="1"/>

		<imagelist id="imagelist.frame.tab.rightbtn.bkg" vertical="0" splitter="1" varyblock="1" image="bitmap\frame\texture.frame.tab.rightbtn.bkg.png"/>
		<texture id="texture.frame.tab.rightbtn.bkg.normal" type="NineInOne" imagelist="imagelist.frame.tab.rightbtn.bkg" index="2"/>
		<texture id="texture.frame.tab.rightbtn.bkg.hover" type="NineInOne" imagelist="imagelist.frame.tab.rightbtn.bkg" index="1"/>


		<imagelist id="imagelist.frame.localpage.refresh.bkg" vertical="0" splitter="1" varyblock="1" image="bitmap\frame\bitmap.frame.localpage.refresh.bkg.png"/>
		<texture id="texture.frame.localpage.refresh.bkg.normal" type="Stretch" imagelist="imagelist.frame.localpage.refresh.bkg" index="1"/>
		<texture id="texture.frame.localpage.refresh.bkg.hover" type="Stretch" imagelist="imagelist.frame.localpage.refresh.bkg" index="2"/>
		<texture id="texture.frame.localpage.refresh.bkg.down" type="Stretch" imagelist="imagelist.frame.localpage.refresh.bkg" index="3"/>

		<imagelist id="imagelist.frame.localpage.open.bkg" vertical="0" splitter="1" varyblock="1" image="bitmap\frame\bitmap.frame.localpage.open.bkg.png"/>
		<texture id="texture.frame.localpage.open.bkg.normal" type="Stretch" imagelist="imagelist.frame.localpage.open.bkg" index="1"/>
		<texture id="texture.frame.localpage.open.bkg.hover" type="Stretch" imagelist="imagelist.frame.localpage.open.bkg" index="2"/>
		<texture id="texture.frame.localpage.open.bkg.down" type="Stretch" imagelist="imagelist.frame.localpage.open.bkg" index="3"/>

		<imagelist id="imagelist.frame.pagesize.backward.icon" vertical="0" splitter="1" varyblock="1" image="bitmap\frame\bitmap.frame.pagesize.backward.icon.png"/>
		<bitmap id="bitmap.frame.pagesize.backward.icon.normal" imagelist="imagelist.frame.pagesize.backward.icon" index="1"/>
		<bitmap id="bitmap.frame.pagesize.backward.icon.hover" imagelist="imagelist.frame.pagesize.backward.icon" index="2"/>
		<bitmap id="bitmap.frame.pagesize.backward.icon.down" imagelist="imagelist.frame.pagesize.backward.icon" index="3"/>
		<bitmap id="bitmap.frame.pagesize.backward.icon.disable" imagelist="imagelist.frame.pagesize.backward.icon" index="4"/>

		<imagelist id="imagelist.frame.pagesize.forward.icon" vertical="0" splitter="1" varyblock="1" image="bitmap\frame\bitmap.frame.pagesize.forward.icon.png"/>
		<bitmap id="bitmap.frame.pagesize.forward.icon.normal" imagelist="imagelist.frame.pagesize.forward.icon" index="1"/>
		<bitmap id="bitmap.frame.pagesize.forward.icon.hover" imagelist="imagelist.frame.pagesize.forward.icon" index="2"/>
		<bitmap id="bitmap.frame.pagesize.forward.icon.down" imagelist="imagelist.frame.pagesize.forward.icon" index="3"/>
		<bitmap id="bitmap.frame.pagesize.forward.icon.disable" imagelist="imagelist.frame.pagesize.forward.icon" index="4"/>

		<imagelist id="imagelist.frame.pagesize.goward.icon" vertical="0" splitter="1" varyblock="1" image="bitmap\frame\bitmap.frame.pagesize.goward.icon.png"/>
		<bitmap id="bitmap.frame.pagesize.goward.icon.normal" imagelist="imagelist.frame.pagesize.goward.icon" index="1"/>
		<bitmap id="bitmap.frame.pagesize.goward.icon.hover" imagelist="imagelist.frame.pagesize.goward.icon" index="2"/>
		<bitmap id="bitmap.frame.pagesize.goward.icon.down" imagelist="imagelist.frame.pagesize.goward.icon" index="3"/>
		<bitmap id="bitmap.frame.pagesize.goward.icon.disable" imagelist="imagelist.frame.pagesize.goward.icon" index="4"/>		

		<imagelist id="imagelist.frame.combobox.leftpanel.bkg" vertical="0" splitter="1" varyblock="1" image="bitmap\Control\Combobox\texture.editwnd.combobox.bkg.png"/>
		<texture id="texture.frame.combobox.leftpanel.bkg.normal" type="ThreeInOneH" imagelist="imagelist.frame.combobox.leftpanel.bkg" index="1"/>
		<texture id="texture.frame.combobox.leftpanel.bkg.hover" type="ThreeInOneH" imagelist="imagelist.frame.combobox.leftpanel.bkg" index="2"/>
		<texture id="texture.frame.combobox.leftpanel.bkg.down" type="ThreeInOneH" imagelist="imagelist.frame.combobox.leftpanel.bkg" index="3"/>
		<texture id="texture.frame.combobox.leftpanel.bkg.disable" type="ThreeInOneH" imagelist="imagelist.frame.combobox.leftpanel.bkg" index="4"/>		

		<imagelist id="imagelist.frame.combobox.rightpanel.bkg" vertical="0" splitter="1" varyblock="1" image="bitmap\Control\Combobox\texture.editwnd.combobox.bkg.png"/>
		<texture id="texture.frame.combobox.rightpanel.bkg.normal" type="ThreeInOneH" imagelist="imagelist.frame.combobox.rightpanel.bkg" index="1"/>
		<texture id="texture.frame.combobox.rightpanel.bkg.hover" type="ThreeInOneH" imagelist="imagelist.frame.combobox.rightpanel.bkg" index="2"/>
		<texture id="texture.frame.combobox.rightpanel.bkg.down" type="ThreeInOneH" imagelist="imagelist.frame.combobox.rightpanel.bkg" index="3"/>
		<texture id="texture.frame.combobox.rightpanel.bkg.disable" type="ThreeInOneH" imagelist="imagelist.frame.combobox.rightpanel.bkg" index="4"/>		

		<!--左侧配置区域背景-->
		<texture id="texture.frame.left.bkg" type="NineInOne" path="bitmap\frame\texture.frame.cfgpanel.bkg.png" />

		<!--安装说明图标-->
		<imagelist id="imagelist.frame.install.help.icon" vertical="0" splitter="1" varyblock="1" image="bitmap\frame\bitmap.frame.install.help.icon.png"/>
		<bitmap id="bitmap.frame.install.help.icon.normal" imagelist="imagelist.frame.install.help.icon" index="1" />
		<bitmap id="bitmap.frame.install.help.icon.hover" imagelist="imagelist.frame.install.help.icon" index="2" />
		<bitmap id="bitmap.frame.install.help.icon.down" imagelist="imagelist.frame.install.help.icon" index="3" />

		<!--多图边框-->
		<texture id="texture.multi.frame.thumbnail.bkg" type="NineInOne" path="bitmap\frame\texture.multi.frame.thumbnail.bkg.png" />
		<imagelist id="imagelist.multiframe.setting.icon" vertical="0" splitter="1" varyblock="1" image="bitmap\frame\bitmap.multiframe.setting.icon.png"/>
		<bitmap id="bitmap.multiframe.setting.icon.normal" imagelist="imagelist.multiframe.setting.icon" index="1"/>
		<bitmap id="bitmap.multiframe.setting.icon.hover" imagelist="imagelist.multiframe.setting.icon" index="2"/>
		<bitmap id="bitmap.multiframe.setting.icon.down" imagelist="imagelist.multiframe.setting.icon" index="3"/>
		<bitmap id="bitmap.multiframe.setting.icon.disable" imagelist="imagelist.multiframe.setting.icon" index="4"/>

		<imagelist id="imagelist.multiframe.delete.icon" vertical="0" splitter="1" varyblock="1" image="bitmap\frame\bitmap.multiframe.delete.icon.png"/>
		<bitmap id="bitmap.multiframe.delete.icon.normal" imagelist="imagelist.multiframe.delete.icon" index="1"/>
		<bitmap id="bitmap.multiframe.delete.icon.hover" imagelist="imagelist.multiframe.delete.icon" index="2"/>
		<bitmap id="bitmap.multiframe.delete.icon.down" imagelist="imagelist.multiframe.delete.icon" index="3"/>
		<bitmap id="bitmap.multiframe.delete.icon.disable" imagelist="imagelist.multiframe.delete.icon" index="4"/>		

		<imagelist id="imagelist.multiframe.list.item.bkg" vertical="0" splitter="1" varyblock="1" image="bitmap\frame\texture.frame.filelist.item.bkg.png"/>
		<texture id="texture.multiframe.list.item.bkg.normal" type="NineInOne" imagelist="imagelist.multiframe.list.item.bkg" index="1"/>
		<texture id="texture.multiframe.list.item.bkg.hover" type="NineInOne" imagelist="imagelist.multiframe.list.item.bkg" index="2"/>
		<texture id="texture.multiframe.list.item.bkg.down" type="NineInOne" imagelist="imagelist.multiframe.list.item.bkg" index="3"/>

		<imagelist id="imagelist.multiframe.mainwnd.icon" vertical="0" splitter="1" varyblock="1" image="bitmap\frame\bitmap.multiframe.mainwnd.icon.png"/>
		<bitmap id="bitmap.multiframe.mainwnd.icon.normal" imagelist="imagelist.multiframe.mainwnd.icon" index="1"/>
		<bitmap id="bitmap.multiframe.mainwnd.icon.hover" imagelist="imagelist.multiframe.mainwnd.icon" index="2"/>		

		<imagelist id="imagelist.multiframe.backward.icon" vertical="0" splitter="1" varyblock="1" image="bitmap\frame\bitmap.multiframe.backward.icon.png"/>
		<bitmap id="bitmap.multiframe.backward.icon.normal" imagelist="imagelist.multiframe.backward.icon" index="1"/>
		<bitmap id="bitmap.multiframe.backward.icon.hover" imagelist="imagelist.multiframe.backward.icon" index="2"/>
		<bitmap id="bitmap.multiframe.backward.icon.down" imagelist="imagelist.multiframe.backward.icon" index="3"/>
		<bitmap id="bitmap.multiframe.backward.icon.disable" imagelist="imagelist.multiframe.backward.icon" index="4"/>

		<imagelist id="imagelist.multiframe.forward.icon" vertical="0" splitter="1" varyblock="1" image="bitmap\frame\bitmap.multiframe.forward.icon.png"/>
		<bitmap id="bitmap.multiframe.forward.icon.normal" imagelist="imagelist.multiframe.forward.icon" index="1"/>
		<bitmap id="bitmap.multiframe.forward.icon.hover" imagelist="imagelist.multiframe.forward.icon" index="2"/>
		<bitmap id="bitmap.multiframe.forward.icon.down" imagelist="imagelist.multiframe.forward.icon" index="3"/>
		<bitmap id="bitmap.multiframe.forward.icon.disable" imagelist="imagelist.multiframe.forward.icon" index="4"/>

		<imagelist id="imagelist.multiframe.addfile.icon" vertical="0" splitter="1" varyblock="1" image="bitmap\frame\bitmap.multiframe.addfile.icon.png"/>
		<bitmap id="bitmap.multiframe.addfile.icon.normal" imagelist="imagelist.multiframe.addfile.icon" index="1"/>
		<bitmap id="bitmap.multiframe.addfile.icon.hover" imagelist="imagelist.multiframe.addfile.icon" index="2"/>
		<bitmap id="bitmap.multiframe.addfile.icon.down" imagelist="imagelist.multiframe.addfile.icon" index="3"/>
		<bitmap id="bitmap.multiframe.addfile.icon.disable" imagelist="imagelist.multiframe.addfile.icon" index="4"/>

		<!--花样边框-->
		<imagelist id="imagelist.frameframe.mainwnd.icon" vertical="0" splitter="1" varyblock="1" image="bitmap\frame\bitmap.frameframe.mainwnd.icon.png"/>
		<bitmap id="bitmap.frameframe.mainwnd.icon.normal" imagelist="imagelist.frameframe.mainwnd.icon" index="1"/>
		<bitmap id="bitmap.frameframe.mainwnd.icon.hover" imagelist="imagelist.frameframe.mainwnd.icon" index="2"/>

		<!--撕边边框-->
		<imagelist id="imagelist.maskframe.mainwnd.icon" vertical="0" splitter="1" varyblock="1" image="bitmap\frame\bitmap.maskframe.mainwnd.icon.png"/>
		<bitmap id="bitmap.maskframe.mainwnd.icon.normal" imagelist="imagelist.maskframe.mainwnd.icon" index="1"/>
		<bitmap id="bitmap.maskframe.mainwnd.icon.hover" imagelist="imagelist.maskframe.mainwnd.icon" index="2"/>		

		<!--轻松边框资源-->
		<imagelist id="imagelist.frame.easyframe.addlabel.icon" vertical="0" splitter="1" varyblock="1" image="bitmap\frame\bitmap.multiframe.addfile.icon.png"/>
		<bitmap id="bitmap.frame.easyframe.addlabel.icon.normal" imagelist="imagelist.frame.easyframe.addlabel.icon" index="1" />
		<bitmap id="bitmap.frame.easyframe.addlabel.icon.hover" imagelist="imagelist.frame.easyframe.addlabel.icon" index="2" />
		<bitmap id="bitmap.frame.easyframe.addlabel.icon.down" imagelist="imagelist.frame.easyframe.addlabel.icon" index="3" />
		<bitmap id="bitmap.frame.easyframe.addlabel.icon.disable" imagelist="imagelist.frame.easyframe.addlabel.icon" index="4" />

		<imagelist id="imagelist.frame.easyframe.deletelabel.icon" vertical="0" splitter="1" varyblock="1" image="bitmap\frame\easyframe\bitmap.frame.easyframe.deletelabel.icon.png"/>
		<texture id="bitmap.frame.easyframe.deletelabel.icon.normal" type="Stretch" imagelist="imagelist.frame.easyframe.deletelabel.icon" index="1" />
		<texture id="bitmap.frame.easyframe.deletelabel.icon.hover" type="Stretch" imagelist="imagelist.frame.easyframe.deletelabel.icon" index="2" />
		<texture id="bitmap.frame.easyframe.deletelabel.icon.down" type="Stretch" imagelist="imagelist.frame.easyframe.deletelabel.icon" index="3" />
		<texture id="bitmap.frame.easyframe.deletelabel.icon.disable" type="Stretch" imagelist="imagelist.frame.easyframe.deletelabel.icon" index="4" />

		<imagelist id="imagelist.easyframe.mainwnd.icon" vertical="0" splitter="1" varyblock="1" image="bitmap\frame\bitmap.easyframe.mainwnd.icon.png"/>
		<bitmap id="bitmap.easyframe.mainwnd.icon.normal" imagelist="imagelist.easyframe.mainwnd.icon" index="1"/>
		<bitmap id="bitmap.easyframe.mainwnd.icon.hover" imagelist="imagelist.easyframe.mainwnd.icon" index="2"/>

		<imagelist id="imagelist.frame.easyframe.bold" vertical="0" splitter="1" varyblock="1" image="bitmap\frame\easyframe\texture.frame.easyframe.bold.png"/>
		<texture id="texture.frame.easyframe.bold.normal" type="Stretch" imagelist="imagelist.frame.easyframe.bold" index="1" />
		<texture id="texture.frame.easyframe.bold.hover" type="Stretch" imagelist="imagelist.frame.easyframe.bold" index="2" />
		<texture id="texture.frame.easyframe.bold.down" type="Stretch" imagelist="imagelist.frame.easyframe.bold" index="3" />
		<texture id="texture.frame.easyframe.bold.focus" type="Stretch" imagelist="imagelist.frame.easyframe.bold" index="4" />

		<imagelist id="imagelist.frame.easyframe.italic" vertical="0" splitter="1" varyblock="1" image="bitmap\frame\easyframe\texture.frame.easyframe.italic.png"/>
		<texture id="texture.frame.easyframe.italic.normal" type="Stretch" imagelist="imagelist.frame.easyframe.italic" index="1" />
		<texture id="texture.frame.easyframe.italic.hover" type="Stretch" imagelist="imagelist.frame.easyframe.italic" index="2" />
		<texture id="texture.frame.easyframe.italic.down" type="Stretch" imagelist="imagelist.frame.easyframe.italic" index="3" />
		<texture id="texture.frame.easyframe.italic.focus" type="Stretch" imagelist="imagelist.frame.easyframe.italic" index="4" />

		<imagelist id="imagelist.frame.easyframe.underline" vertical="0" splitter="1" varyblock="1" image="bitmap\frame\easyframe\texture.frame.easyframe.underline.png"/>
		<texture id="texture.frame.easyframe.underline.normal" type="Stretch" imagelist="imagelist.frame.easyframe.underline" index="1" />
		<texture id="texture.frame.easyframe.underline.hover" type="Stretch" imagelist="imagelist.frame.easyframe.underline" index="2" />
		<texture id="texture.frame.easyframe.underline.down" type="Stretch" imagelist="imagelist.frame.easyframe.underline" index="3" />
		<texture id="texture.frame.easyframe.underline.focus" type="Stretch" imagelist="imagelist.frame.easyframe.underline" index="4" />

		<texture id="texture.frame.easyframe.labelposition.bkg" type="Stretch" path="bitmap\frame\easyframe\texture.frame.easyframe.labelposition.bkg.png" />

		<imagelist id="imagelist.frame.easyframe.arrow.icon" vertical="0" splitter="1" varyblock="1" image="bitmap\frame\easyframe\bitmap.frame.easyframe.arrow.icon.png"/>
		<bitmap id="bitmap.frame.easyframe.arrow.icon.normal" imagelist="imagelist.frame.easyframe.arrow.icon" index="1" />
		<bitmap id="bitmap.frame.easyframe.arrow.icon.hover" imagelist="imagelist.frame.easyframe.arrow.icon" index="2" />
		<bitmap id="bitmap.frame.easyframe.arrow.icon.down" imagelist="imagelist.frame.easyframe.arrow.icon" index="3" />
		<bitmap id="bitmap.frame.easyframe.arrow.icon.disable" imagelist="imagelist.frame.easyframe.arrow.icon" index="4" />

		<texture id="texture.frame.easyframe.colorborder" type="NineInOne" path="bitmap\Other\texture.frame.easyframe.colorborder.png" />

		<imagelist id="imagelist.frame.easyframe.savelabel.icon" vertical="0" splitter="1" varyblock="1" image="bitmap\frame\easyframe\bitmap.frame.easyframe.savelabel.icon.png"/>
		<bitmap id="bitmap.frame.easyframe.savelabel.icon.normal" imagelist="imagelist.frame.easyframe.savelabel.icon" index="1" />
		<bitmap id="bitmap.frame.easyframe.savelabel.icon.hover" imagelist="imagelist.frame.easyframe.savelabel.icon" index="2" />
		<bitmap id="bitmap.frame.easyframe.savelabel.icon.down" imagelist="imagelist.frame.easyframe.savelabel.icon" index="3" />
		<bitmap id="bitmap.frame.easyframe.savelabel.icon.disable" imagelist="imagelist.frame.easyframe.savelabel.icon" index="4" />

		<imagelist id="imagelist.frame.easyframe.checkbox.border" vertical="0" splitter="1" varyblock="1" image="bitmap\Control\bitmap.frame.easyframe.checkbox.border.png"/>
		<bitmap id="bitmap.frame.easyframe.checkbox.border.normal" imagelist="imagelist.frame.easyframe.checkbox.border" index="1" />
		<bitmap id="bitmap.frame.easyframe.checkbox.border.disable" imagelist="imagelist.frame.easyframe.checkbox.border" index="2" />

		<!--撕边边框-->

		<imagelist id="imagelist.frame.maskframe.itembkg" vertical="0" splitter="1" varyblock="1" image="bitmap\frame\maskframe\texture.frame.maskframe.itembkg.png"/>
		<texture id="texture.frame.maskframe.itembkg.focus" type="NineInOne" imagelist="imagelist.frame.maskframe.itembkg" index="1" />
		<texture id="texture.frame.maskframe.itembkg.hover" type="NineInOne" imagelist="imagelist.frame.maskframe.itembkg" index="2" />
		<texture id="texture.frame.maskframe.itembkg.down" type="NineInOne" imagelist="imagelist.frame.maskframe.itembkg" index="3" />		

	</resource>
</xlue>
