<xlue>
	<resource>
		<!-- 窗体背景 -->
		<texture id="texture.mainwnd.bkg" type="NineInOne" path="bitmap\mainwnd\texture.mainwnd.bkg.png" />
		<bitmap id="bitmap.mainwnd.logo" path="bitmap\mainwnd\bitmap.mainwnd.logo.png" />
		<bitmap id="bitmap.mainwnd.vip.logo" path="bitmap\mainwnd\bitmap.mainwnd.vip.logo.png" />
		
		
		<imagelist id="imagelist.dlgwnd.openfile.mainbtn" vertical="0" splitter="1" varyblock="1" image="bitmap\Dlg\OpenFileDlg\texture.dlgwnd.openfile.mainbtn.bkg.png"/>
		<texture id="texture.dlgwnd.openfile.mainbtn.normal" type="NineInOne" imagelist="imagelist.dlgwnd.openfile.mainbtn" index="1"/>
		<texture id="texture.dlgwnd.openfile.mainbtn.down" type="NineInOne" imagelist="imagelist.dlgwnd.openfile.mainbtn" index="3"/>
		<texture id="texture.dlgwnd.openfile.mainbtn.hover" type="NineInOne" imagelist="imagelist.dlgwnd.openfile.mainbtn" index="2"/>
		<texture id="texture.dlgwnd.openfile.mainbtn.disable" type="NineInOne" imagelist="imagelist.dlgwnd.openfile.mainbtn" index="2"/>
		
		<imagelist id="imagelist.dlgwnd.openfile.mainbtn.icon" vertical="0" splitter="1" varyblock="1" image="bitmap\Dlg\OpenFileDlg\bitmap.dlgwnd.openfile.mainbtn.icon.png"/>
		<bitmap id="bitmap.dlgwnd.openfile.mainbtn.icon.normal" imagelist="imagelist.dlgwnd.openfile.mainbtn.icon" index="1"/>
		<bitmap id="bitmap.dlgwnd.openfile.mainbtn.icon.hover" imagelist="imagelist.dlgwnd.openfile.mainbtn.icon" index="2"/>
		
		<imagelist id="imagelist.dlgwnd.openfile.closebtn.bkg" vertical="0" splitter="1" varyblock="1" image="bitmap\Dlg\OpenFileDlg\bitmap.dlgwnd.openfile.closebtn.icon.png"/>
		<bitmap id="bitmap.dlgwnd.openfile.closebtn.normal" imagelist="imagelist.dlgwnd.openfile.closebtn.bkg" index="1"/>
		<bitmap id="bitmap.dlgwnd.openfile.closebtn.down" imagelist="imagelist.dlgwnd.openfile.closebtn.bkg" index="2"/>
		<bitmap id="bitmap.dlgwnd.openfile.closebtn.hover" imagelist="imagelist.dlgwnd.openfile.closebtn.bkg" index="3"/>

		<!-- 系统按钮资源 -->
		<imagelist id="imagelist.mainwnd.system.btn.mini" vertical="0" splitter="1" varyblock="1" image="bitmap\mainwnd\imagelist.mainwnd.system.btn.mini.png"/>
		<bitmap id="bitmap.mainwnd.system.btn.mini.normal" imagelist="imagelist.mainwnd.system.btn.mini" index="1"/>
		<bitmap id="bitmap.mainwnd.system.btn.mini.hover" imagelist="imagelist.mainwnd.system.btn.mini" index="2"/>
		<bitmap id="bitmap.mainwnd.system.btn.mini.down" imagelist="imagelist.mainwnd.system.btn.mini" index="3"/>

		<imagelist id="imagelist.mainwnd.system.btn.max" vertical="0" splitter="1" varyblock="1" image="bitmap\mainwnd\imagelist.mainwnd.system.btn.max.png"/>
		<bitmap id="bitmap.mainwnd.system.btn.max.normal" imagelist="imagelist.mainwnd.system.btn.max" index="1"/>
		<bitmap id="bitmap.mainwnd.system.btn.max.hover" imagelist="imagelist.mainwnd.system.btn.max" index="2"/>
		<bitmap id="bitmap.mainwnd.system.btn.max.down" imagelist="imagelist.mainwnd.system.btn.max" index="3"/>

		<imagelist id="imagelist.mainwnd.system.btn.restore" vertical="0" splitter="1" varyblock="1" image="bitmap\mainwnd\imagelist.mainwnd.system.btn.restore.png"/>
		<bitmap id="bitmap.mainwnd.system.btn.restore.normal" imagelist="imagelist.mainwnd.system.btn.restore" index="1"/>
		<bitmap id="bitmap.mainwnd.system.btn.restore.hover" imagelist="imagelist.mainwnd.system.btn.restore" index="2"/>
		<bitmap id="bitmap.mainwnd.system.btn.restore.down" imagelist="imagelist.mainwnd.system.btn.restore" index="3"/>

		<imagelist id="imagelist.mainwnd.system.btn.close" vertical="0" splitter="1" varyblock="1" image="bitmap\mainwnd\imagelist.mainwnd.system.btn.close.png"/>
		<bitmap id="bitmap.mainwnd.system.btn.close.normal" imagelist="imagelist.mainwnd.system.btn.close" index="1"/>
		<bitmap id="bitmap.mainwnd.system.btn.close.hover" imagelist="imagelist.mainwnd.system.btn.close" index="2"/>
		<bitmap id="bitmap.mainwnd.system.btn.close.down" imagelist="imagelist.mainwnd.system.btn.close" index="3"/>
	
		<imagelist id="imagelist.process.waitani" vertical="0" splitter="1" varyblock="1" image="bitmap\mainwnd\imagelist.process.waitani.png"/>
		<imageseq id="process.waiting" imagelist="imagelist.process.waitani" />
		
		<!--系统菜单-->
		<imagelist id="imagelist.mainwnd.sysmenu.button" vertical="0" splitter="1" varyblock="1" image="bitmap\mainwnd\imagelist.mainwnd.button.menu.png"/>
		<bitmap id="bitmap.mainwnd.mainmenu.normal" imagelist="imagelist.mainwnd.sysmenu.button" index="1"/>
		<bitmap id="bitmap.mainwnd.mainmenu.hover" imagelist="imagelist.mainwnd.sysmenu.button" index="2"/>
		<bitmap id="bitmap.mainwnd.mainmenu.down" imagelist="imagelist.mainwnd.sysmenu.button" index="3"/>
		
		<!--换肤-->
		<imagelist id="imagelist.mainwnd.sysmenu.button.skin" vertical="0" splitter="1" varyblock="1" image="bitmap\mainwnd\imagelist.mainwnd.button.skin.png"/>
		<bitmap id="bitmap.mainwnd.skin.normal" imagelist="imagelist.mainwnd.sysmenu.button.skin" index="1"/>
		<bitmap id="bitmap.mainwnd.skin.hover" imagelist="imagelist.mainwnd.sysmenu.button.skin" index="2"/>
		<bitmap id="bitmap.mainwnd.skin.down" imagelist="imagelist.mainwnd.sysmenu.button.skin" index="3"/>
	</resource>
</xlue>
