<XLUE>
	<resource>
		<color id="system.white" red="255" green="255" blue="255" alpha="255" />
		<color id="system.black" red="0" green="0" blue="0" alpha="255" />
		<color id="system.orange" red="44" green="151" blue="241" alpha="255" />
		<color id="system.green" value="#00FF00"/>
		
		<color id="system.font.normal.color" red="180" green="180" blue="180" alpha="255"/>
		<color id="system.font.hover.color" red="220" green="220" blue="220" alpha="255"/>
		<color id="system.font.disable.color" red="84" green="84" blue="84" alpha="255"/>

		<color id="system.font.attention.color" red="140" green="140" blue="140" alpha="255"/>

		<color id="mgrwnd.navigatebar.path.font.color" red="190" green="190" blue="190" alpha="255"/>
		<color id="editwnd.basicadjust.channel.font.color" red="180" green="180" blue="180" alpha="255"/>
		<color id="editwnd.basicadjust.channel.hover.font.color" red="210" green="210" blue="210" alpha="255"/>

		<color id="editwnd.toolbar.font.color" red="165" green="165" blue="165" alpha="255"/>
		<color id="editwnd.toolbar.hover.font.color" red="227" green="227" blue="227" alpha="255"/>
		<color id="editwnd.toolbar.disable.font.color" red="80" green="80" blue="80" alpha="255"/>

		<color id="mgrwnd.toolbar.font.color" red="141" green="141" blue="141" alpha="255"/>
		<color id="mgrwnd.toolbar.hover.font.color" red="219" green="219" blue="219" alpha="255"/>
		<color id="mgrwnd.toolbar.disable.font.color" red="88" green="88" blue="88" alpha="255"/>

		<color id="digitaldarkroom.tob.normal.font.color" red="165" green="165" blue="165" alpha="255"/>
		<color id="digitaldarkroom.tob.hover.font.color" red="200" green="200" blue="200" alpha="255"/>		

		<color id="editwnd.basicadjust.menu.title" red="165" green="165" blue="165" alpha="255" />
		<color id="editwnd.basicadjust.content" red="164" green="164" blue="164" alpha="255" />	
		<color id="editwnd.basicadjust.content.hover" red="190" green="190" blue="190" alpha="255" />	
		<color id="editwnd.tab.hover.color" red="128" green="173" blue="253" alpha="255"/>

		<color id="mainwnd.caption.font.color" red="65" green="65" blue="65" alpha="255"/>
		<color id="WaitPanel.font.color" red="52" green="52" blue="52" alpha="255"/>
		<color id="jigsaw.btn.shandow.color" red="55" green="91" blue="135" alpha="255"/>
		<color id="jigsaw.btn.shandow1.color" red="43" green="43" blue="43" alpha="255"/>
		<color id="jigsaw.btn.font.color" red="213" green="213" blue="213" alpha="255"/>
		<color id="jigsaw.showtext.font.color" red="72" green="72" blue="72" alpha="255"/>
		<color id="dlg.title.font.color" red="160" green="160" blue="160" alpha="255"/>
		<color id="dlg.text.font.color" red="160" green="160" blue="160" alpha="255"/>
		<color id="dlg.text.bkg.color" red="59" green="59" blue="59" alpha="255"/>
		<color id="main.text.bkg.color" red="42" green="42" blue="42" alpha="255"/>
		<color id="editwnd.midtoolbar.tip.text.color" red="150" green="150" blue="150" alpha="255"/>

		<color id="mgrwnd.lefttree.item.text.color.normal" red="180" green="180" blue="180" alpha="255"/>
		<color id="mgrwnd.lefttree.item.text.color.down" red="230" green="230" blue="230" alpha="255"/>

		<!--边框部分-->
		<color id="frame.install.help.richedit.textcolor" value="#666666" />
		<color id="frame.more.link.text.normal" value="#6699cc" />
		<color id="frame.more.link.text.hover" value="#8fb1f6" />

		<color id="frame.btn.text.color.ok" value="#AFC5E0" />
		<color id="frame.btn.text.color.cancel" value="#9A9A9A" />
		
		<!--抠图部分-->
		<color id="cutout.addbkg.morecolor" value="DEDEDE" />
		
		<!--弹窗颜色-->
		<color id="dlgwnd.text.color" value="#ADADAD" />
		<color id="dlgwnd.btn.text.color.ok" value="#AFC5E0" />
		<color id="dlgwnd.btn.text.color.cancel" value="#9A9A9A" />
		<color id="dlgwnd.bluebtn.text.color" value="#AFC5E0" />
		<color id="dlgwnd.savecfg.filesize.color" value="#52A9ED" />
		<color id="dlgwnd.openfile.btn.text.color" value="#A3A3A3" />
		<!--轻松边框颜色-->
		<color id="frame.easyframe.btn.text.color.normal" value="#8C8C8C" />
		<color id="frame.easyframe.btn.text.color.hover" value="#A6A6A6" />
		<!--撕边边框颜色-->
		<color id="frame.maskframe.color.focus" value="#88B1E4" />
		<color id="frame.maskframe.color.hover" value="#B3B3B3" />
		<color id="frame.maskframe.color.normal" value="#999999" />
		<color id="ex.button.down.color" value="#DBDBDB"/>
		<color id="ex.item.down.color" value="#F2F2F2"/>

		<color id="frame.menu.color.normal" red="156" green="156" blue="156" alpha="255" />
		<color id="frame.menu.color.hover" red="217" green="217" blue="217" alpha="255" />
		
		<color id="tip.text.color" value="#000000" />
		<color id="frame.textlink.normal.color" value="#8C8C8C" />
		<color id="frame.textlink.hover.color" value="#BFBFBF" />
		<color id="frame.textlink.sel.color" value="#88B1E4" />
		<color id="digitaldarkroom.foggypattern.textlink.color" red="90" green="158" blue="233" alpha="255" />
		<color id="digitaldarkroom.foggypattern.textlink.hover.color" red="138" green="194" blue="255" alpha="255" />
		<!--批处理-->
		<color id="dlgwnd.batch.ward.text.normal1.color" red="77" green="77" blue="77" alpha="255" />
		<color id="dlgwnd.batch.ward.text.normal2.color" red="155" green="155" blue="155" alpha="255" />
		<color id="dlgwnd.batch.ward.text.sel.color" red="204" green="204" blue="204" alpha="255" />
		<color id="dlgwnd.batch.filecount.text.color" red="86" green="169" blue="237" alpha="255" />
		<color id="dlgwnd.batch.textlink.color.normal" value="#9A9A9A" />
		<color id="dlgwnd.batch.textlink.color.hover" value="#52A9ED" />
		<!--微博分享-->
		<color id="picshare.qq.weibo.nickname.text.color" value="#FFCB56" />
		<color id="picshare.sina.weibo.nickname.text.color" value="#E32529" />
		<color id="picshare.qq.weibo.textlink.normal.color" value="#8C8C8C" />
		<color id="picshare.qq.weibo.textlink.hover.color" value="#88B1E4" />
		
		<color id="superbatch.list.item.text.color" red="102" green="102" blue="102" alpha="255" />
		
		<color id="idphoto.tips.text.color" value="#8F9294" />
		
		<color id="button.mainview.hove.color" red="173" green="202" blue="252" alpha="255" />
		
		<color id="mrgwnd.toobar.button.edit.text.color.normal" red="141" green="141" blue="141" alpha="255" />
		<color id="mrgwnd.toobar.button.edit.text.color.hover" red="219" green="219" blue="219" alpha="255" />
		<color id="editwnd.textlayer.button.addtext.color.normal" red="255" green="255" blue="255" alpha="255" />
		<color id="button.status.down.text.colou" red="84" green="84" blue="84" alpha="255" />
		
		<color id="menu.text.color.normal" red="180" green="180" blue="180" alpha="255"/>
		<color id="menu.text.color.hover" red="220" green="220" blue="220" alpha="255"/>
		
		
		<color id="web.text.blue.color" red="23" green="122" blue="226" alpha="255"/>
		<color id="web.text.normal.color" red="51" green="51" blue="51" alpha="255"/>		
		<color id="web.menu.link.red" red="244" green="76" blue="75" alpha="255"/>
		<color id="privatefont.bkg.color.hover.ref" red="61" green="61" blue="61" alpha="255"/>
		<color id="privatefont.bkg.color.ref" red="35" green="35" blue="35" alpha="255"/>
		
	</resource>
</XLUE>