<XLUE>
	<resource>
		<!--预定义字体-->
			<!-- 默认字体 -->
			<font id="default.font" height="12" facename="defaultfont" />
			<font id="default.font.bold" height="12" weight="bold" facename="defaultfont" />
			<font id="default.font.bold.underline" height="12" weight="bold" facename="defaultfont" underline="1" />
			<font id="default.font.link" height="12" facename="defaultfont" />
			<font id="default.font.underline" height="12" facename="defaultfont" underline="1"/>
			
			<font id="default.font.10" height="10" facename="defaultfont"/>
			<font id="default.font.12" height="12" facename="defaultfont"/>
			<font id="default.font.13" height="13" facename="defaultfont"/>
			<font id="default.font.14" height="14" facename="defaultfont"/>
			<font id="default.font.16" height="16" facename="defaultfont"/>
			<font id="default.font.18" height="18" facename="defaultfont"/>
			
			<font id="default.font.bold.10" height="10" weight="bold" facename="defaultfont"/>
			<font id="default.font.bold.12" height="12" weight="bold" facename="defaultfont"/>
			<font id="default.font.bold.14" height="14" weight="bold" facename="defaultfont"/>
			<font id="default.font.bold.16" height="16" weight="bold" facename="defaultfont"/>
			<font id="default.font.bold.18" height="18" weight="bold" facename="defaultfont"/>
			
			<font id="default.font.bold.12.underline" height="12" weight="bold" facename="defaultfont" underline="1" />
			
			<!--微软雅黑-->
			<font id="font.msyh.11" height="11" facename="微软雅黑"/>
			<font id="font.msyh.12" height="12" facename="微软雅黑"/>
			<font id="font.msyh.13" height="13" facename="微软雅黑"/>
			<font id="font.msyh.14" height="14" facename="微软雅黑"/>
			<font id="font.msyh.16" height="16" facename="微软雅黑"/>
			<font id="font.msyh.bold.12" height="12"  weight="bold" facename="微软雅黑"/>
			<font id="font.msyh.bold.14" height="14"  weight="bold" facename="微软雅黑"/>
			<font id="font.msyh.bold.16" height="16"  weight="bold" facename="微软雅黑"/>
			<font id="font.msyh.14.underline" height="14" facename="微软雅黑" underline="1" />
			
			<!--宋体-->
			<font id="font.st.12" height="12" facename="宋体"/>
			<font id="font.st.14" height="14" facename="宋体"/>
			<font id="font.st.13" height="13" facename="宋体"/>
			<font id="font.st.16" height="16" facename="宋体"/>
			<font id="font.st.bold.12" height="12"  weight="bold" facename="宋体"/>
			<font id="font.st.bold.14" height="14"  weight="bold" facename="宋体"/>
			<font id="font.st.bold.16" height="16"  weight="bold" facename="宋体"/>
			
			<!--Arial-->
			<font id="font.arial.11" height="11" facename="Arial"/>
			<font id="font.arial.12" height="12" facename="Arial"/>
			<font id="font.arial.13" height="13" facename="Arial"/>
			<font id="font.arial.14" height="14" facename="Arial"/>
			<font id="font.arial.16" height="16" facename="Arial"/>
			<font id="font.arial.17" height="17" facename="Arial"/>
			<font id="font.arial.18" height="18" facename="Arial"/>
			<font id="font.arial.19" height="19" facename="Arial"/>
			<font id="font.arial.20" height="20" facename="Arial"/>
			<font id="font.arial.21" height="21" facename="Arial"/>
			<font id="font.arial.22" height="22" facename="Arial"/>
			<font id="font.arial.23" height="23" facename="Arial"/>
			<font id="font.arial.24" height="24" facename="Arial"/>
			<font id="font.arial.25" height="25" facename="Arial"/>
			<font id="font.arial.26" height="26" facename="Arial"/>
			<font id="font.arial.bold.12" height="12"  weight="bold" facename="Arial"/>
			<font id="font.arial.bold.14" height="14"  weight="bold" facename="Arial"/>
			<font id="font.arial.bold.16" height="16"  weight="bold" facename="Arial"/>
		
		<!--自定义字体 对于某种字体在多处都用到，切有可能发生变化，则定义在下面，方便修改-->
		<font id="default.YaHei.font" height="12" facename="微软雅黑"/>
		
		<!--导航条-->
		<font id="navbar.font.normal" height="12" facename="宋体" />
		<font id="navbar.font.hover" height="12" underline="1" facename="宋体" />
		<font id="navbar.font.selected.normal" height="12" weight="bold" facename="宋体" />
		<font id="navbar.font.selected.hover" height="12" weight="bold" underline="1" facename="宋体" />
		
		<!-- 传输详情 -->
		<font id="syncdetail.title.font" height="12"  facename="微软雅黑"/>
		
		<font id="syncdetail.list.item.little.font" height="10"  facename="微软雅黑"/>
	</resource>
</XLUE>
