<XLUE>
<resource>
	
	
	<texture id="bitmap.tips.splitline" type="ThreeInOneH" image="bitmap\line.png" />
	<bitmap id="bitmap.tips.splitline.black" path="bitmap\bitmap.spliter.vertical.png" />
	<texture id="bitmap.tips.img.border"  type="NineInOne" image="bitmap\imgrect.png"/>
	<texture id="texture.tips.splitline.black"  type="Stretch" image="bitmap\texture.splitline.h.png"/>
	
	<imagelist id="bitmap.system.close" vertical="0" splitter="1" varyblock="1" image="bitmap\bitmap.system.close.png"/>
	<bitmap id="bitmap.system.close.normal"  imagelist="bitmap.system.close" index="1"/>
	<bitmap id="bitmap.system.close.hover" imagelist="bitmap.system.close" index="2"/>
	<bitmap id="bitmap.system.close.down"  imagelist="bitmap.system.close" index="3"/>
	<bitmap id="bitmap.system.close.disable"  imagelist="bitmap.system.close" index="3"/>
	
	<texture id="texture.tips.banner"  type="ThreeInOneH" image="bitmap\texture.banner.png"/>
	<texture id="texture.tips.bkg"  type="NineInOne" image="bitmap\texture.bkg.png"/>
</resource>
</XLUE>
