<XLUE>
	<resource>
		<font id="default.font.12" height="12"  facename="defaultfont" /> 
		<font id="default.font.14" height="14"  facename="defaultfont" /> 
		<font id="default.font.16" height="16"  facename="defaultfont" /> 
		<font id="default.font.bold.12" height="12" weight="bold" facename="defaultfont" /> 
		<font id="default.font.bold.14" height="14" weight="bold" facename="defaultfont" /> 
		<font id="default.font.bold.16" height="16" weight="bold" facename="defaultfont" />
		
		<font id="font.st.bold.12" height="12"  weight="bold" facename="宋体" />
		
		<font id="default.font.12.underline" height="12"  facename="defaultfont" underline="1"/> 
		<font id="default.font.14.underline" height="14"  facename="defaultfont" underline="1"/> 
		<font id="default.font.16.underline" height="16"  facename="defaultfont" underline="1"/> 
		<font id="default.font.bold.12.underline" height="12" weight="bold" facename="defaultfont" underline="1"/> 
		<font id="default.font.bold.14.underline" height="14" weight="bold" facename="defaultfont" underline="1"/> 
		<font id="default.font.bold.16.underline" height="16" weight="bold" facename="defaultfont" underline="1"/> 
	</resource>
</XLUE>