<XLUE>
	<resource>
		<!--消息框资源-->
		<texture id="texture.msgboxdlg.bkg" type="NineInOne" image="bitmap\texture.msgboxdlg.bkg.png" />
		<bitmap id="bitmap.dlg.alert.icon" path="bitmap\bitmap.dlg.alert.icon.png"/>
		<bitmap id="bitmap.dlg.error.icon" path="bitmap\bitmap.dlg.error.icon.png"/>
		<bitmap id="bitmap.dlg.right.icon" path="bitmap\bitmap.dlg.right.icon.png"/>
		<bitmap id="bitmap.dlg.query.icon" path="bitmap\bitmap.dlg.query.icon.png"/>
		<bitmap id="bitmap.dlg.spliter.vertical" path="bitmap\bitmap.spliter.vertical.png"/>
		
		<!--小关闭按钮-->
		<imagelist id="imagelist.system.button.close" vertical="0" splitter="1" varyblock="1" image="bitmap\system.button.close.png" />
		<texture id="system.btn.close.normal" imagelist="imagelist.system.button.close" index="1"/>
		<texture id="system.btn.close.hover" imagelist="imagelist.system.button.close" index="2"/>
		<texture id="system.btn.close.down" imagelist="imagelist.system.button.close" index="3"/>
		
		<!--蓝色确定按钮-->
		<imagelist id="imagelist.texture.button.ok" vertical="0" splitter="1" varyblock="1" image="bitmap\texture.button.ok.png" />
		<texture id="texture.button.ok.normal" imagelist="imagelist.texture.button.ok" index="1"/>
		<texture id="texture.button.ok.hover" imagelist="imagelist.texture.button.ok" index="2"/>
		<texture id="texture.button.ok.down" imagelist="imagelist.texture.button.ok" index="3"/>
		
		<!--Button资源-->
		<imagelist id="imagelist.general.button.bkg" vertical="0" splitter="1" varyblock="1" image="bitmap\general.button.bkg.png"/>
		<texture id="general.button.normal" type="NineInOne" imagelist="imagelist.general.button.bkg" index="1"/>
		<texture id="general.button.down" type="NineInOne" imagelist="imagelist.general.button.bkg" index="3"/>
		<texture id="general.button.hover" type="NineInOne" imagelist="imagelist.general.button.bkg" index="2"/>
		<texture id="general.button.disable" type="NineInOne" imagelist="imagelist.general.button.bkg" index="1"/>
		
		<!--菜单资源-->
		<texture id="menu.bkn" type="NineInOne" image="bitmap\menu\texture.mainmenu.popbkg.png"/>
		<texture id="mainmenu.popbkg" type="ThreeInOneH" image="bitmap\menu\texture.mainmenu.popbkg.png"/>
		<texture id="mainmenu.btn.hover" type="ThreeInOneH" image="bitmap\menu\texture.mainmenu.hover.png"/>
		
		<bitmap id="menu.splitter" path="bitmap\menu\menu.line.png"/>
		<bitmap id="menu.line.1" path="bitmap\menu\menu.line.png" />
		<bitmap id="menu.line.2" path="bitmap\menu\menu.line.png" />
		<bitmap id="menu.line.3" path="bitmap\menu\menu.line.png" />
		<bitmap id="menu.line.4" path="bitmap\menu\smenu.line.png" />
		<bitmap id="mainmenu.light" path="bitmap\menu\bitmap.mainmenu.light.png"/>
		<bitmap id="menuexpand.in" path="bitmap\menu\icon.menuexpand.in.png"/>
		<bitmap id="menuexpand.out" path="bitmap\menu\icon.menuexpand.out.png"/>
		<bitmap id="menu.sort.check.icon" path="bitmap\menu\menu.choose.png" />
			
		<imagelist id="menu.select.imagelist" splitter="1" varyblock ="1" image="bitmap\menu\imagelist.menu.select.png" color="#7F007F"/>
		<texture id="menu.select" type="ThreeInOneH" imagelist="menu.select.imagelist" index="2" />
		<texture id="texture.menu.hover" type="NineInOne" path="bitmap\menu\texture.menu.hover.png" />
		
		<imagelist id="imagelist.menu.arrow" splitter="1" varyblock ="1" image="bitmap\menu\imagelist.menu.arrow.png" color="#7F007F"/>
		<bitmap id="menu.arrow.nor" imagelist="imagelist.menu.arrow" index="1" />
		<bitmap id="menu.arrow.hov" imagelist="imagelist.menu.arrow" index="2" />

		<!--CheckBox资源-->
		<imagelist id="imagelist.checkbox" vertical="0" splitter="1" varyblock="1" image="bitmap\imagelist.checkbox.png" />
		<bitmap id="bitmap.tick.max" imagelist="imagelist.checkbox" index="1" />
		<bitmap id="bitmap.tick.normal" imagelist="imagelist.checkbox" index="3" />
		<bitmap id="bitmap.tick.disable" imagelist="imagelist.checkbox" index="4" />
		<bitmap id="bitmap.box.normal" imagelist="imagelist.checkbox" index="2" />
		<bitmap id="bitmap.box.disable" imagelist="imagelist.checkbox" index="5" />
		<bitmap id="bitmap.box.hover" imagelist="imagelist.checkbox" index="6" />
		
		<!--Radio资源-->
		<imagelist id="imagelist.radiobutton" vertical="0" splitter="1" varyblock="1" image="bitmap\radiobutton.png"/>
		<bitmap id="bitmap.radiobutton.box.normal" imagelist="imagelist.radiobutton" index="1" />
		<bitmap id="bitmap.radiobutton.dot.normal" imagelist="imagelist.radiobutton" index="2" />
		<bitmap id="bitmap.radiobutton.dot.disable" imagelist="imagelist.radiobutton" index="3" />
		<bitmap id="bitmap.radiobutton.box.disable" imagelist="imagelist.radiobutton" index="4" />
		<bitmap id="bitmap.radiobutton.box.hover" imagelist="imagelist.radiobutton" index="5" />
		
		<!--Tips资源-->
		<texture id="texture.tip.bkg.left.up" type="NineInOne" image="bitmap\Tips\texture.tip.bkg.left.up.png"/>
		<texture id="texture.tip.bkg.left.down" type="NineInOne" image="bitmap\Tips\texture.tip.bkg.left.down.png"/>
		<texture id="texture.tip.bkg.right.up" type="NineInOne" image="bitmap\Tips\texture.tip.bkg.right.up.png"/>
		<texture id="texture.tip.bkg.right.down" type="NineInOne" image="bitmap\Tips\texture.tip.bkg.right.down.png"/>
		
		<texture id="texture.tip.normal.bkg" type="NineInOne" image="bitmap\Tips\texture.tip.normal.bkg.png" />
		
		<!--垂直滚动条-->
		<texture id="mainwnd.vscrollbar.bkg" type="ThreeInOneV" image="bitmap\scrollbar\vscrollbar_bkg.png" />
		<imagelist id="mainwnd.vscrollbar.btn" vertical="0" splitter="1" varyblock="1" image="bitmap\scrollbar\vscrollbar_btn.png"/>
		<texture id="mainwnd.vscrollbar.btn.normal" type="ThreeInOneV" imagelist="mainwnd.vscrollbar.btn" index="1"/>
		<texture id="mainwnd.vscrollbar.btn.hover" type="ThreeInOneV" imagelist="mainwnd.vscrollbar.btn" index="2"/>
		<texture id="mainwnd.vscrollbar.btn.down" type="ThreeInOneV" imagelist="mainwnd.vscrollbar.btn" index="3"/>
		
		<!--水平滚动条-->
		<texture id="mainwnd.hscrollbar.bkg" type="ThreeInOneH" image="bitmap\scrollbar\hscrollbar_bkg.png" />
		<imagelist id="mainwnd.hscrollbar.btn" vertical="0" splitter="1" varyblock="1" image="bitmap\scrollbar\hscrollbar_btn.png"/>
		<texture id="mainwnd.hscrollbar.btn.normal" type="ThreeInOneH" imagelist="mainwnd.hscrollbar.btn" index="1"/>
		<texture id="mainwnd.hscrollbar.btn.hover" type="ThreeInOneH" imagelist="mainwnd.hscrollbar.btn" index="2"/>
		<texture id="mainwnd.hscrollbar.btn.down" type="ThreeInOneH" imagelist="mainwnd.hscrollbar.btn" index="3"/>
	</resource>
</XLUE>