<XLUE>
	<resource>
		<!-- 系统颜色 -->
		<color id="system.white" red="255" green="255" blue="255" alpha="255" />
		<color id="system.red" value="#FF0000"/>
		<color id="system.green" value="#00FF00"/>
		<color id="system.blue" value="#0000FF"/>
		<color id="system.black" red="0" green="0" blue="0" alpha="255" />
		<color id="system.orange" red="44" green="151" blue="241" alpha="255" />
		<color id="system.gray" red="127" green="127" blue="127" alpha="255" />
		<color id="system.title.effect" value="#FFFFFFFF"/>
		
		<!-- 迅雷7控件所使用的默认字体 -->
		<color id="system.font.normal.color" red="180" green="180" blue="180" alpha="255"/>
		<color id="system.font.hover.color" red="220" green="220" blue="220" alpha="255"/>
		<color id="system.font.disable.color" red="83" green="83" blue="83" alpha="255"/>
		<color id="system.font.attention.color" red="140" green="140" blue="140" alpha="255"/>
		
		<!-- 标题栏字体颜色 -->
		<color id="mainwnd.caption.font.color" red="162" green="162" blue="162" alpha="255"/>
		
		<!-- 静态文本颜色 -->
		<color id="mainwnd.static_text.font.color" red="162" green="162" blue="162" alpha="255"/>
		
		<!-- 打开素材菜单字体颜色 -->
		<color id="open.menu.font.normal.color" red="219" green="219" blue="219" alpha="255"/>
		<color id="open.menu.font.hover.color" red="220" green="220" blue="220" alpha="255"/>
		<color id="open.menu.font.disable.color" red="84" green="84" blue="84" alpha="255"/>

		<!-- 普通按键颜色 -->
		<color id="commonbtn.font.normal.color" red="219" green="219" blue="219" alpha="255"/>
		<color id="commonbtn.font.hover.color" red="220" green="220" blue="220" alpha="255"/>
		<color id="commonbtn.font.disable.color" red="84" green="84" blue="84" alpha="255"/>
		<color id="commonbtn.font.attention.color" red="140" green="140" blue="140" alpha="255"/>
		
		<!-- 列表框文字色 -->
		<color id="mainwnd.listbox.font.normal.color" red="71" green="71" blue="71" alpha="255"/>
		<color id="mainwnd.listbox.font.hover.color" red="228" green="228" blue="228" alpha="255"/>
		
		<!--弹窗颜色-->
		<color id="bluebtn.text.color" value="#AFC5E0" />
		
		<!--工具条按钮颜色-->
		<color id="mainwnd.normaltoolbar.btn.font.normal.color" red="170" green="170" blue="170" alpha="255" />
		<color id="mainwnd.normaltoolbar.btn.font.disable.color" red="161" green="161" blue="161" alpha="255"/>
		
		<!--工具条灰按钮颜色-->
		<color id="mainwnd.normaltoolbar.graybtn.font.normal.color" red="220" green="220" blue="220" alpha="255" />
		<color id="mainwnd.normaltoolbar.graybtn.font.disable.color" red="161" green="161" blue="161" alpha="255"/>
		
		<!--控制面板分页按钮字颜色-->
		<color id="controlpanel.tab.font.normal.color" red="165" green="165" blue="165" alpha="255"/>
		<color id="controlpanel.tab.font.hover.color" red="200" green="200" blue="200" alpha="255"/>

		<!--制作说明字颜色-->
		<color id="view.instruction.normal.color" red="101" green="152" blue="203" alpha="255" />
		<color id="view.instruction.hover.color" red="142" green="176" blue="245" alpha="255" />
		<color id="view.instruction.sel.color" value="#88B1E4" />	

		<!--richedit字颜色-->
		<color id="instruction.richedit.textcolor" value="#666666" />		
	</resource>
</XLUE>