﻿<XLUE>
<resource>
	<!--下面这个字体的facename最为常用，使用系统的默认字体-->	
	<font id="default.font" height="12" facename="宋体" />
	<font id="msg.font" height="40" facename="微软雅黑" />
	<font id="msg.font.bold" height="40" weight="bold" facename="微软雅黑" underline="1"/>
	<font id="font.st.bold.12" height="12" weight="bold" facename="宋体"/>
	
	<!--宋体-->
	<font id="font.st.12" height="12" facename="宋体" />
	<font id="font.st.14" height="14" facename="宋体" />
	
	<!--Arial-->
	<font id="font.arial.11" height="11" facename="Arial"/>
	<font id="font.arial.12" height="12" facename="Arial"/>
	<font id="font.arial.13" height="13" facename="Arial"/>
	<font id="font.arial.14" height="14" facename="Arial"/>
	<font id="font.arial.16" height="16" facename="Arial"/>
	<font id="font.arial.17" height="17" facename="Arial"/>
	<font id="font.arial.18" height="18" facename="Arial"/>
	<font id="font.arial.19" height="19" facename="Arial"/>
	<font id="font.arial.20" height="20" facename="Arial"/>
	<font id="font.arial.21" height="21" facename="Arial"/>
	<font id="font.arial.22" height="22" facename="Arial"/>
	<font id="font.arial.23" height="23" facename="Arial"/>
	<font id="font.arial.24" height="24" facename="Arial"/>
	<font id="font.arial.25" height="25" facename="Arial"/>
	<font id="font.arial.26" height="26" facename="Arial"/>
	<font id="font.arial.bold.12" height="12"  weight="bold" facename="Arial"/>
	<font id="font.arial.bold.14" height="14"  weight="bold" facename="Arial"/>
	<font id="font.arial.bold.16" height="16"  weight="bold" facename="Arial"/>
</resource>
</XLUE>

