<XLUE>
	<resource>
		<font id="listheader.font" height="12" facename="defaultfont"/>
		
		<font id="default.font" height="12" facename="defaultfont" />
		<font id="default.font.bold" height="12" weight="bold" facename="defaultfont" />
		<font id="default.font.bold.underline" height="12" weight="bold" facename="defaultfont" underline="1" />
		<font id="default.font.link" height="12" facename="defaultfont" />
		<font id="default.font.underline" height="12" facename="defaultfont" underline="1"/>

		<font id="font.tip" height="12" facename="defaultfont"/>
		<font id="button.default.font" height="12" facename="defaultfont"/>
		<font id="newtask.default.font" height="12" facename="defaultfont"/>
		<font id="font.subpanel.title" height="12" facename="defaultfont"/>
		
		<font id="newtask.default.edit.font" height="12" facename="defaultfont"/>
		<font id="newtask.edit.font" height="12" facename="defaultfont"/>
		<font id="newtask.btn.font" height="12" facename="defaultfont"/>
		<font id="newtask.btn.font.normal" height="12" facename="defaultfont"/>
		<font id="newtask.btn.font.hover" height="12" facename="defaultfont"/>
		<font id="newtask.btn.font.down" height="12" facename="defaultfont"/>
		<font id="newtask.btn.font.disable" height="12" facename="defaultfont"/>
		<font id="combobox.default.font" height="12" facename="defaultfont"/>
		<font id="newtask2.filename.font" height="18" weight="bold" facename="defaultfont"/>
		<font id="config.default.font" height="12" facename="defaultfont"/>
		
		<font id="font.btfilelist.grid.text" height="12" facename="defaultfont"/>
		
		<font id="font.menu" height="12" facename="defaultfont"/> 
	</resource>
</XLUE>