<XLUE>
<resource>
	<!--listCtrl-->
	<imagelist id="ListCtrl.Header.Image" vertical="0" splitter="1" varyblock="1" image="bitmap\BaseCtrl\listheader.png"/>
	<bitmap id="ListCtrl.Header.SortBmp.down" imagelist="ListCtrl.Header.Image" index="3"/>
	<bitmap id="ListCtrl.Header.SortBmp.up" imagelist="ListCtrl.Header.Image" index="4"/>
	<bitmap id="bitmap.listctrl.header.bkg"  path="bitmap\BaseCtrl\list_header_bkg.png"/>
	<bitmap id="ListCtrl.HeaderItem.Normal" path="bitmap\BaseCtrl\list_header_item.png"/>  
	<bitmap id="ListCtrl.HeaderItem.Down" path="bitmap\BaseCtrl\list_header_item.png"/>
	<bitmap id="ListCtrl.HeaderItem.Hover" path="bitmap\BaseCtrl\list_header_item.png"/>


	<texture id="texture.listctrl.header.bkg" type="ThreeInOneH" image="bitmap\BaseCtrl\listctrl_header.png" />
    <bitmap id="bitmap.listctrl.header.separator" path="bitmap\BaseCtrl\listctrl_header_separator.png" />

	<texture id="texture.listctrl.item.bkg.select" type="Normal" image="bitmap\BaseCtrl\list_item_bkg_select.png">
		<part id="texture">
			<src left="0" top="0" width="1" height="23"/>
			<dest left="0" top="0" width="width" height="height"/>					
		</part>
	</texture>

	<texture id="texture.listctrl.item.bkg.even" type="Normal" image="bitmap\BaseCtrl\list_item_bkg_event.png">
		<part id="texture">
			<src left="0" top="0" width="1" height="23"/>
			<dest left="0" top="0" width="width" height="height"/>					
		</part>
	</texture>
	
	<bitmap id="bitmap.listctrl.header.line.splitter" path="bitmap\BaseCtrl\list_header_line_splitter.png"/>
	<!--listCtrl-->
	
	<texture id="bkg.light.left" type="NineInOne" image="bitmap\BaseCtrl\bkg.light.left.png"/>
	<texture id="bkg.light.right" type="ThreeInOneV" image="bitmap\BaseCtrl\bkg.light.right.png"/>
	
	
	
    <!-- 控件资源定义 -->
    <bitmap id="general.button.light" path="bitmap\BaseCtrl\btn.light.png"/>

    <!--imagelist id="imagelist.general.button.bkg" vertical="0" splitter="1" varyblock="1" image="bitmap\BaseCtrl\general.button.bkg.png"/>
    <texture id="general.button.normal" type="NineInOne" imagelist="imagelist.general.button.bkg" index="1"/>
    <texture id="general.button.down" type="NineInOne" imagelist="imagelist.general.button.bkg" index="3"/>
    <texture id="general.button.hover" type="NineInOne" imagelist="imagelist.general.button.bkg" index="2"/>
    <texture id="general.button.disable" type="NineInOne" imagelist="imagelist.general.button.bkg" index="1"/-->

    <texture id="texture.mask.btn" type="ThreeInOneH" image="bitmap\BaseCtrl\mask.btn.png" />
    <texture id="texture.tip.bkg.left.up" type="NineInOne" image="bitmap\BaseCtrl\texture.tip.bkg.left.up.png"/>
    <texture id="texture.tip.bkg.left.down" type="NineInOne" image="bitmap\BaseCtrl\texture.tip.bkg.left.down.png"/>
    <texture id="texture.tip.bkg.right.up" type="NineInOne" image="bitmap\BaseCtrl\texture.tip.bkg.right.up.png"/>
    <texture id="texture.tip.bkg.right.down" type="NineInOne" image="bitmap\BaseCtrl\texture.tip.bkg.right.down.png"/>
    
    <imagelist id="imagelist.combobox.edit" vertical="0" splitter="1" varyblock="1" image="bitmap\BaseCtrl\imagelist.combobox.edit.png"/>
    <bitmap id="bitmap.url.icon" imagelist="imagelist.combobox.edit" index="1"/>
    <bitmap id="bitmap.filename.icon" imagelist="imagelist.combobox.edit" index="2"/>
    <bitmap id="bitmap.path.icon" imagelist="imagelist.combobox.edit" index="3"/>
    <bitmap id="bitmap.combobtn.normal" imagelist="imagelist.combobox.edit" index="4"/>
    <bitmap id="bitmap.combobtn.hover" imagelist="imagelist.combobox.edit" index="5"/>
    <bitmap id="bitmap.combobtn.down" imagelist="imagelist.combobox.edit" index="6"/>
    <texture id="texture.edit.bkg.disable" type="NineInOne" imagelist="imagelist.combobox.edit" index="10"/>
    <texture id="texture.edit.bkg.normal" type="NineInOne" imagelist="imagelist.combobox.edit" index="11"/>
    <texture id="texture.edit.bkg.hover" type="NineInOne" imagelist="imagelist.combobox.edit" index="12"/>
    <texture id="texture.edit.light" type="NineInOne" imagelist="imagelist.combobox.edit" index="12"/>    
    <texture id="texture.combolistbox.bkg" type="NineInOne" image="bitmap\BaseCtrl\texture.combolistbox.bkg.png" />
    <bitmap id="progress.light.bkg" path="bitmap\BaseCtrl\progress.light.png"/>
    <imagelist id="imagelist.progress.bkg" vertical="0" splitter="1" varyblock="1" image="bitmap\BaseCtrl\progress.png"/>
    <texture id="progress.empty" type="ThreeInOneH" imagelist="imagelist.progress.bkg" index="3"/>
    <texture id="progress_blue.full" type="ThreeInOneH" imagelist="imagelist.progress.bkg" index="1"/>
    <texture id="progress_green.full" type="ThreeInOneH" imagelist="imagelist.progress.bkg" index="2"/>
    <texture id="progress.full" type="ThreeInOneH" imagelist="imagelist.progress.bkg" index="1"/>
    <!--imagelist id="imagelist.checkbox" vertical="0" splitter="1" varyblock="1" image="bitmap\BaseCtrl\imagelist.checkbox.png" />
    <bitmap id="bitmap.tick.max" imagelist="imagelist.checkbox" index="1" />
    <bitmap id="bitmap.tick.normal" imagelist="imagelist.checkbox" index="3" />
    <bitmap id="bitmap.tick.disable" imagelist="imagelist.checkbox" index="4" />
    <bitmap id="bitmap.box.normal" imagelist="imagelist.checkbox" index="2" />
    <bitmap id="bitmap.box.disable" imagelist="imagelist.checkbox" index="5" />
    <bitmap id="bitmap.box.hover" imagelist="imagelist.checkbox" index="6" /-->
    <!--imagelist id="imagelist.radiobutton" vertical="0" splitter="1" varyblock="1" image="bitmap\BaseCtrl\radiobutton.png"/>
    <bitmap id="bitmap.radiobutton.box.normal" imagelist="imagelist.radiobutton" index="1" />
    <bitmap id="bitmap.radiobutton.dot.normal" imagelist="imagelist.radiobutton" index="2" />
    <bitmap id="bitmap.radiobutton.dot.disable" imagelist="imagelist.radiobutton" index="3" />
    <bitmap id="bitmap.radiobutton.box.disable" imagelist="imagelist.radiobutton" index="4" />
    <bitmap id="bitmap.radiobutton.box.hover" imagelist="imagelist.radiobutton" index="5" /-->
    <texture id="static.frame" drop="100" type="NineInOne" image="bitmap\BaseCtrl\static.frame.png" />
    <texture id="static.frame.line"  type="Stretch" image="bitmap\BaseCtrl\static.frame.line.png" />

    <texture id="texture.mainwnd.tip.bkg" type="NineInOne" image="bitmap\BaseCtrl\mainwnd_bkg_tip.png" />
    <!-- 控件资源定义 -->
	
	<!--imagelist id="imagelist.system.button" vertical="0" splitter="1" varyblock="1" image="bitmap\BaseCtrl\system.button.png" />
	<bitmap id="system.btn.exit.normal" imagelist="imagelist.system.button" index="1"/>
	<bitmap id="system.btn.exit.hover" imagelist="imagelist.system.button" index="2"/>
	<bitmap id="system.btn.exit.down" imagelist="imagelist.system.button" index="3"/-->
	
	<texture id="combo.item.bkg.hover" type="ThreeInOneH" image="bitmap\BaseCtrl\combo.item.hover.png"/>
	<texture id="newtask.combo.item.bkg.hover" type="ThreeInOneH" image="bitmap\BaseCtrl\newtask.combo.item.hover.png"/>
	
    <texture id="webbrowser.toolbar.bkg" type="ThreeInOneH" image="bitmap\BaseCtrl\webbrowser.toolbar.bkg.png" />
    <texture id="texture.ieurlstate.bkg" type="NineInOne" image="bitmap\BaseCtrl\ieurlstate.bkg.png"/>
    <imagelist id="imagelist.urlstate_close.close" splitter="1" vertical="0" varyblock ="0"  blocksize="11" image="bitmap\BaseCtrl\urlstate_close.png"/>
    <bitmap id="bitmap.urlstate_close.close.normal" imagelist="imagelist.urlstate_close.close" index="1" />
    <bitmap id="bitmap.urlstate_close.close.hover" imagelist="imagelist.urlstate_close.close" index="2" />
    <bitmap id="bitmap.urlstate_close.close.down" imagelist="imagelist.urlstate_close.close" index="3" />

    <imagelist id="list.thunder.arrow" vertical="0" splitter="1" varyblock="0" blocksize="9" image="bitmap\BaseCtrl\thunder.arrow.png"/>
    <bitmap id="thunder.arrow.normal" imagelist="list.thunder.arrow" index="1" />
    <bitmap id="thunder.arrow.hover" imagelist="list.thunder.arrow" index="2" />
    <bitmap id="thunder.arrow.down" imagelist="list.thunder.arrow" index="3" />

    <bitmap id="addin.install.new.icon" path="bitmap\BaseCtrl\addin.install.new.icon.png"/>

    <imagelist id="imagelist.webbrowser.back" vertical="0" splitter="1" varyblock="0" blocksize="38" image="bitmap\BaseCtrl\imagelist.webbrowser.back.png"/>
    <bitmap id="bitmap.webbrowser.back.nor" imagelist="imagelist.webbrowser.back" index="1" />
    <bitmap id="bitmap.webbrowser.back.disable" imagelist="imagelist.webbrowser.back" index="2" />
    <imagelist id="imagelist.webbrowser.back.ani" splitter="1" vertical="0" varyblock ="0"  blocksize="38" image="bitmap\BaseCtrl\imagelist.webbrowser.back.ani.png"/>
    <imageseq id="webbrowser.back.ani" imagelist="imagelist.webbrowser.back.ani"/>

    <imagelist id="imagelist.webbrowser.front" vertical="0" splitter="1" varyblock="0" blocksize="38" image="bitmap\BaseCtrl\imagelist.webbrowser.front.png"/>
    <bitmap id="bitmap.webbrowser.front.nor" imagelist="imagelist.webbrowser.front" index="1" />
    <bitmap id="bitmap.webbrowser.front.disable" imagelist="imagelist.webbrowser.front" index="2" />
    <imagelist id="imagelist.webbrowser.front.ani" splitter="1" vertical="0" varyblock ="0"  blocksize="38" image="bitmap\BaseCtrl\imagelist.webbrowser.front.ani.png"/>
    <imageseq id="webbrowser.front.ani" imagelist="imagelist.webbrowser.front.ani"/>

    <imagelist id="imagelist.webbrowser.refresh" vertical="0" splitter="1" varyblock="0" blocksize="38" image="bitmap\BaseCtrl\imagelist.webbrowser.refresh.png"/>
    <bitmap id="bitmap.webbrowser.refresh.nor" imagelist="imagelist.webbrowser.refresh" index="1" />
    <bitmap id="bitmap.webbrowser.refresh.disable" imagelist="imagelist.webbrowser.refresh" index="2" />
    <imagelist id="imagelist.webbrowser.refresh.ani" splitter="1" vertical="0" varyblock ="0"  blocksize="38" image="bitmap\BaseCtrl\imagelist.webbrowser.refresh.ani.png"/>
    <imageseq id="webbrowser.refresh.ani" imagelist="imagelist.webbrowser.refresh.ani"/>

    <imagelist id="imagelist.webbrowser.urlstate.ani" splitter="1" vertical="0" varyblock ="0"  blocksize="38" image="bitmap\BaseCtrl\imagelist.webbrowser.urlstate.ani.png"/>
    <imageseq id="webbrowser.urlstate.ani" imagelist="imagelist.webbrowser.urlstate.ani"/>

    <imagelist id="imagelist.webbrowser.home" vertical="0" splitter="1" varyblock="0" blocksize="38" image="bitmap\BaseCtrl\imagelist.webbrowser.home.png"/>
    <bitmap id="bitmap.webbrowser.home.nor" imagelist="imagelist.webbrowser.home" index="1" />
    <bitmap id="bitmap.webbrowser.home.disable" imagelist="imagelist.webbrowser.home" index="2" />
    <imagelist id="imagelist.webbrowser.home.ani" splitter="1" vertical="0" varyblock ="0"  blocksize="38" image="bitmap\BaseCtrl\imagelist.webbrowser.home.ani.png"/>
    <imageseq id="webbrowser.home.ani" imagelist="imagelist.webbrowser.home.ani"/>

    <imagelist id="imagelist.webbrowser.stop" vertical="0" splitter="1" varyblock="0" blocksize="38" image="bitmap\BaseCtrl\imagelist.webbrowser.stop.png"/>
    <bitmap id="bitmap.webbrowser.stop.nor" imagelist="imagelist.webbrowser.stop" index="1" />
    <bitmap id="bitmap.webbrowser.stop.disable" imagelist="imagelist.webbrowser.stop" index="2" />
    <imagelist id="imagelist.webbrowser.stop.ani" splitter="1" vertical="0" varyblock ="0"  blocksize="38" image="bitmap\BaseCtrl\imagelist.webbrowser.stop.ani.png"/>
    <imageseq id="webbrowser.stop.ani" imagelist="imagelist.webbrowser.stop.ani"/>

    <imagelist id="imagelist.webbrowser.shortcut" vertical="0" splitter="1" varyblock="0" blocksize="38" image="bitmap\BaseCtrl\imagelist.webbrowser.shortcut.png"/>
    <bitmap id="bitmap.webbrowser.shortcut.nor" imagelist="imagelist.webbrowser.shortcut" index="1" />
    <bitmap id="bitmap.webbrowser.shortcut.disable" imagelist="imagelist.webbrowser.shortcut" index="2" />
    <imagelist id="imagelist.webbrowser.shortcut.ani" splitter="1" vertical="0" varyblock ="0"  blocksize="38" image="bitmap\BaseCtrl\imagelist.webbrowser.shortcut.ani.png"/>
    <imageseq id="webbrowser.shortcut.ani" imagelist="imagelist.webbrowser.shortcut.ani"/>

    <imagelist id="imagelist.webbrowser.backthunder.ani" splitter="1" vertical="0" varyblock ="0"  blocksize="38" image="bitmap\BaseCtrl\imagelist.webbrowser.backthunder.ani.png"/>
    <imageseq id="webbrowser.backthunder.ani" imagelist="imagelist.webbrowser.backthunder.ani"/>

    <texture id="bitmap.mainwnd.toolbar.round_btton_bkg.normal" type="Stretch" image="bitmap\BaseCtrl\transparent.png"/>
    <imagelist id="imagelist.mainwnd.toolbar.btn" splitter="1" vertical="0" varyblock ="1" image="bitmap\BaseCtrl\toolbar_btn.png"/>
    <texture id="bitmap.mainwnd.toolbar.round_btton_bkg.hover" type="ThreeInOneH"  imagelist="imagelist.mainwnd.toolbar.btn" index="2"/>
    <texture id="bitmap.mainwnd.toolbar.round_btton_bkg.down" type="ThreeInOneH"  imagelist="imagelist.mainwnd.toolbar.btn" index="3"/>
    <texture id="bitmap.mainwnd.toolbar.round_btton_bkg.disable" type="Stretch" image="bitmap\BaseCtrl\transparent.png" />
	
	<imageseq id="web.loading" folder="bitmap\BaseCtrl\webloading"/>
	
	<!--菜单资源-->
	<!--texture id="menu.bkn" type="NineInOne" image="bitmap\BaseCtrl\texture.mainmenu.popbkg.png"/-->
	<!--bitmap id="menu.splitter" path="bitmap\BaseCtrl\menu.line.png"/-->
	
	<imagelist id="edit.imagelist" splitter="1" varyblock ="1" image="bitmap\BaseCtrl\imagelist.newtask.edit.png" color="#7F007F"/>
	<bitmap id="menu.select.bitmap" imagelist="edit.imagelist" index="12" />
	
	<imagelist id="menu.select.imagelist" splitter="1" varyblock ="1" image="bitmap\BaseCtrl\imagelist.menu.select.png" color="#7F007F"/>
	<texture id="menu.select" type="ThreeInOneH" imagelist="menu.select.imagelist" index="2" />
	<bitmap id="menu.shading" path="bitmap\BaseCtrl\bkg-tree.png"/>
	
	<!--texture id="texture.menu.hover" type="NineInOne" path="bitmap\BaseCtrl\texture.menu.hover.png" /-->
	
	<bitmap id="menu.line.1" path="bitmap\BaseCtrl\menu.line.png" />
	<bitmap id="menu.line.2" path="bitmap\BaseCtrl\menu.line.png" />
	<bitmap id="menu.line.3" path="bitmap\BaseCtrl\menu.line.png" />
	<bitmap id="menu.line.4" path="bitmap\BaseCtrl\smenu.line.png" />
	
	<color id="menu.color.src" red="247" green="249" blue="251" alpha="250" />
	<color id="menu.color.dest" red="247" green="249" blue="251" alpha="250" />
	<imagelist id="imagelist.menu.arrow" splitter="1" varyblock ="1" image="bitmap\BaseCtrl\imagelist.menu.arrow.png" color="#7F007F"/>
	<bitmap id="menu.arrow.nor" imagelist="imagelist.menu.arrow" index="1" />
	<bitmap id="menu.arrow.hov" imagelist="imagelist.menu.arrow" index="2" />
	
	<imagelist id="imagelist.mainmenu.frame" splitter="1" varyblock ="1" image="bitmap\BaseCtrl\imagelist.mainmenu.frame.png" color="#7F007F"/>
	<texture id="mainmenu.downbkg" type="NineInOne" imagelist="imagelist.mainmenu.frame" index="1"/>
	<texture id="mainmenu.upbkg" type="NineInOne" imagelist="imagelist.mainmenu.frame" index="2"/>
	<texture id="mainmenuex.downbkg" type="NineInOne" imagelist="imagelist.mainmenu.frame" index="3"/>
	<texture id="mainmenuex.upbkg" type="NineInOne" imagelist="imagelist.mainmenu.frame" index="4"/>
	<texture id="mainmenu.btn.down" type="ThreeInOneH" imagelist="imagelist.mainmenu.frame" index="5"/>
	<texture id="mainmenu.btn.up" type="ThreeInOneH" imagelist="imagelist.mainmenu.frame" index="6"/>
	
	<texture id="mainmenu.popbkg" type="ThreeInOneH" image="bitmap\BaseCtrl\texture.mainmenu.popbkg.png"/>
	<texture id="mainmenu.btn.hover" type="ThreeInOneH" image="bitmap\BaseCtrl\texture.mainmenu.hover.png"/>
	
	<bitmap id="mainmenu.light" path="bitmap\BaseCtrl\bitmap.mainmenu.light.png"/>
	<bitmap id="menuexpand.in" path="bitmap\BaseCtrl\icon.menuexpand.in.png"/>
	<bitmap id="menuexpand.out" path="bitmap\BaseCtrl\icon.menuexpand.out.png"/>
	
	<imagelist id="imagelist.menu.icon" splitter="1" varyblock="1" vertical="0" image="bitmap\BaseCtrl\imagelist.menu.icon.png" />		
	<bitmap id="menu.all.del.icon" imagelist="imagelist.menu.icon" index="14"/>
	<bitmap id="menu.all.pause.icon"  imagelist="imagelist.menu.icon" index="13"/>
	<bitmap id="menu.all.start.icon"  imagelist="imagelist.menu.icon" index="12"/>
	<bitmap id="menu.del.task.icon" imagelist="imagelist.menu.icon" index="3"/>
	<bitmap id="menu.new.task.icon" imagelist="imagelist.menu.icon" index="6"/>
	<bitmap id="menu.exit.icon" imagelist="imagelist.menu.icon" index="7"/>
	<bitmap id="menu.about.icon" imagelist="imagelist.menu.icon" index="11"/>
	<bitmap id="menu.bbs.icon" imagelist="imagelist.menu.icon" index="9"/>
	<bitmap id="menu.config.icon" imagelist="imagelist.menu.icon" index="4"/>
	<bitmap id="menu.property.icon"  imagelist="imagelist.menu.icon" index="5"/>
	<bitmap id="menu.update.icon" imagelist="imagelist.menu.icon" index="10"/>
	<bitmap id="menu.desktopnews.icon" imagelist="imagelist.menu.icon" index="8"/>
	<bitmap id="icon.menu.start.icon" imagelist="imagelist.menu.icon" index="1" />
	
	<imagelist id="imagelist.sort.small" splitter="1" varyblock="1" vertical="0" image="bitmap\BaseCtrl\imagelist.sort.small.png" />
	<bitmap id="menu.sort.icon" imagelist="imagelist.sort.small" index="2" />
	
	<bitmap id="menu.share.icon" path="bitmap\BaseCtrl\imagelist.share.small.png" />
	<bitmap id="menu.sort.check.icon" path="bitmap\BaseCtrl\menu.choose.png" />

	<imagelist id="button.default.ani" splitter="1" blocksize="16" image="bitmap\BaseCtrl\imagelist.defaultbtn.seq.png"/>
	<texture id="texture.btn.default.ani" type="ThreeInOneH" imagelist="button.default.ani" index="1"/>
	<texture id="texture.btn.default.normal" type="ThreeInOneH" imagelist="button.default.ani" index="2"/>
	
	<texture id="bkg.mask" type="NineInOne" image="bitmap\BaseCtrl\bkg.mask.png"/>
	
	<!-- Thunder.BkgCtrl -->
	<texture id="bkg.border" drop="100" type="NineInOne" image="bitmap\BaseCtrl\bkg.border.png"/>
	<texture id="bkg.shadow" drop="100" type="NineInOne" image="bitmap\BaseCtrl\bkg.shadow.png"/>
	<texture id="bkg.border.black" drop="100" type="NineInOne" image="bitmap\BaseCtrl\bkg.border.black.png"/>
	<texture id="bkg.shadow.black" drop="100" type="NineInOne" image="bitmap\BaseCtrl\bkg.shadow.black.png"/>
	<texture id="bkg.bottombar" type="ThreeInOneH" image="bitmap\BaseCtrl\bkg.bottombar.png"/>
	<texture id="bkg.flash" drop="100" type="NineInOne" image="bitmap\BaseCtrl\bkg.flash.png"/>
	
	<!-- MsgBoxDlgTree -->
	<texture id="bkg.whiteshadow.big" type="NineInOne" image="bitmap\BaseCtrl\bkg.whiteshadow.big.png"/>
	<texture id="bkg.whiteshadow.mid" type="NineInOne" image="bitmap\BaseCtrl\bkg.whiteshadow.mid.png"/>
	<texture id="bkg.whiteshadow.small" type="NineInOne" image="bitmap\BaseCtrl\bkg.whiteshadow.small.png"/>
	
	<!-- Thunder.System.ButtonEx.Ctrl -->
	<imagelist id="imagelist.platform.button.image" vertical="0" splitter="1" varyblock="1" image="bitmap\BaseCtrl\imagelist.platform.button.png"/>
	<bitmap id="bitmap.sysbtn.auto.skin.first.normal" imagelist="imagelist.platform.button.image" index="1"/>
	<bitmap id="bitmap.sysbtn.auto.skin.first.hover" imagelist="imagelist.platform.button.image" index="2"/>
	<bitmap id="bitmap.sysbtn.auto.skin.first.down" imagelist="imagelist.platform.button.image" index="3"/>
	<bitmap id="bitmap.sysbtn.auto.skin.first.disable" imagelist="imagelist.platform.button.image" index="4"/>
	<bitmap id="bitmap.sysbtn.auto.skin.first.light" imagelist="imagelist.platform.button.image" index="5"/>
	<bitmap id="bitmap.sysbtn.skin.normal" imagelist="imagelist.platform.button.image" index="6"/>
	<bitmap id="bitmap.sysbtn.skin.hover" imagelist="imagelist.platform.button.image" index="7"/>
	<bitmap id="bitmap.sysbtn.skin.down" imagelist="imagelist.platform.button.image" index="8"/>
	<bitmap id="bitmap.sysbtn.skin.disable" imagelist="imagelist.platform.button.image" index="9"/>
	<bitmap id="bitmap.sysbtn.skin.light" imagelist="imagelist.platform.button.image" index="10"/>
	<bitmap id="bitmap.mainwnd.menu.normal" imagelist="imagelist.platform.button.image" index="11"/>
	<bitmap id="bitmap.mainwnd.menu.hover" imagelist="imagelist.platform.button.image" index="12"/>
	<bitmap id="bitmap.mainwnd.menu.down" imagelist="imagelist.platform.button.image" index="13"/>
	<bitmap id="bitmap.mainwnd.menu.disable" imagelist="imagelist.platform.button.image" index="14"/>
	<bitmap id="bitmap.sysbtn.mini.normal" imagelist="imagelist.platform.button.image" index="15"/>
	<bitmap id="bitmap.sysbtn.mini.hover" imagelist="imagelist.platform.button.image" index="16"/>
	<bitmap id="bitmap.sysbtn.mini.down" imagelist="imagelist.platform.button.image" index="17"/>
	<bitmap id="bitmap.sysbtn.mini.disable" imagelist="imagelist.platform.button.image" index="18"/>
	<bitmap id="bitmap.sysbtn.max.normal" imagelist="imagelist.platform.button.image" index="19"/>
	<bitmap id="bitmap.sysbtn.max.hover" imagelist="imagelist.platform.button.image" index="20"/>
	<bitmap id="bitmap.sysbtn.max.down" imagelist="imagelist.platform.button.image" index="21"/>
	<bitmap id="bitmap.sysbtn.max.disable" imagelist="imagelist.platform.button.image" index="22"/>
	<bitmap id="bitmap.sysbtn.restore.normal" imagelist="imagelist.platform.button.image" index="23"/>
	<bitmap id="bitmap.sysbtn.restore.hover" imagelist="imagelist.platform.button.image" index="24"/>
	<bitmap id="bitmap.sysbtn.restore.down" imagelist="imagelist.platform.button.image" index="25"/>
	<bitmap id="bitmap.sysbtn.restore.disable" imagelist="imagelist.platform.button.image" index="26"/>
	<bitmap id="bitmap.sysbtn.close.normal" imagelist="imagelist.platform.button.image" index="27"/>
	<bitmap id="bitmap.sysbtn.close.hover" imagelist="imagelist.platform.button.image" index="28"/>
	<bitmap id="bitmap.sysbtn.close.down" imagelist="imagelist.platform.button.image" index="29"/>
	<bitmap id="bitmap.sysbtn.close.disable" imagelist="imagelist.platform.button.image" index="30"/>
	
	<!--web控件-->
	<bitmap id="web.error.big.img" path="bitmap\web.error.img.big.png"/>
	<bitmap id="web.error.small.img" path="bitmap\web.error.img.small.png"/>
	<texture id="web.error.bubble" type="NineInOne" image="bitmap\web.error.bubble.png" />
	
	<!--SliderBar-->
	<texture id="texture.SliderBar.slider.bkg" type="ThreeInOneH" image="bitmap\texture.slider.bar.png" />
	<imagelist id="bitmap.public.btn.image" vertical="0" splitter="1" varyblock="1" image="bitmap\bitmap.public.btn.png"/>
	<texture id="bitmap.slider.btn.normal" type="Stretch" imagelist="bitmap.public.btn.image" index="8" />
	<texture id="bitmap.slider.btn.hover" type="Stretch" imagelist="bitmap.public.btn.image" index="7" />
	<texture id="bitmap.slider.btn.down" type="Stretch" imagelist="bitmap.public.btn.image" index="7" />
</resource>
</XLUE>