<XLUE>
	<resource>
	    <color id="system.white" red="255" green="255" blue="255" alpha="255" />
		<color id="system.black" red="0" green="0" blue="0" alpha="255" />
		<color id="system.orange" red="44" green="151" blue="241" alpha="255" />
		<color id="system.blue" red="0" green="0" blue="255" alpha="255" />
        <color id="system.green" red="38" green="139" blue="35" alpha="255"/>
		<color id="system.red" red="255" green="0" blue="0" alpha="255" />
		<color id="system.gray" red="204" green="211" blue="214" alpha="255"/>
		<color id="system.yellow" red="255" green="255" blue="0" alpha="255"/>
		<color id="system.title" value="#000000"/>
		<color id="system.title.effect" value="#FFFFFFFF"/>
		<color id="system.font.common.color" value="#000000"/>
		
        <color id="color.linktext" value="#0079c5"/>
        <color id="tips.fonts.color" value="#9b6912"/>
        <color id="white.shadow.color" value="RGBA(255,255,255,255)"/>
		
        <color id="color.text.normal" value="#000000" alpha="255"/>
        <color id="color.text.disable" value="#bac4cb" alpha="255" />

		<color id="menu.color.disable" value="#777777"/>
		<color id="menu.color.normal" value="#000000"/>
		
		<color id="color.thunder.text.normal" value="#000000" alpha="255"/>
		<color id="color.thunder.text.hint" value="#6eaa00" alpha="255" />
		<color id="color.thunder.text.link" value="#0084ff" alpha="255" />
		<color id="color.telecom.text.description" value="#0846a3" alpha="255" />
		<color id="color.thunder.text.description" value="#535353" alpha="255" />
		<color id="color.thunder.text.disable" value="#bac4cb" alpha="255" />
		<color id="color.thunder.text.warning" value="#e60012" alpha="255" />
        <color id="color.toolbar.tiptext" value="RGBA(55,55,55)" />
        <color id="config.default.color" value="#535353" />
        <font id="web.loading.text.font" height="14" facename="defaultfont" />	
        <color id="color.web.loading.text" value="#aeb7c4" alpha="255" />

        <color id="color.toolbar.button.normal" value="#010101" alpha="255" />
		<color id="color.toolbar.button.hover" value="#010101" alpha="255" />
		<color id="color.toolbar.button.down" value="#010101" alpha="255" />
		<color id="color.toolbar.button.disable" value="#b0afaf" alpha="255" />
		
		<!--  -->
		<color id="mainwnd.bkg.top.color"  blue="238" green="157" red="108" alpha="255"/>
		<color id="mainwnd.bkg.bottom.color"  blue="253" green="233" red="215" alpha="255"/>
		
		<color id="bkg.shading.top" value="#f9fafb"/>
		<color id="bkg.shading.bottom" value="#f1f4f6"/>
	</resource>
</XLUE>