﻿<XLUE>
<resource>
	<!--1.光标-->
	<cursor id="rotate_cursor" file="bitmap/cur.rotate.cursor.cur" width="32" height="32" />
	
	<!--2.普通的位图资源-->
	<bitmap id="app.bkg"  path="bitmap\bkg.png" />
	<bitmap id="app.icon"  path="bitmap\icon.png" />
	<texture id="button.normal" type="NineInOne" image="bitmap\btn_login_nor.png" />
	
	<!--标题栏图标-->
	<imagelist id="imagelist.caption.icon" vertical="0" splitter="1" varyblock="1" image="bitmap\bitmap.caption.icon.png"/>
	<bitmap id="bitmap.caption.icon" imagelist="imagelist.caption.icon" index="1"/>	
	<bitmap id="bitmap.model" image="bitmap\model.jpg" />
	
	<!--小图预览自定义图-->
	<bitmap id="bitmap.Thumbnail.Custom" image="bitmap\mainwnd\ThumbnailWnd\ThumbNail.Custom.png"/>
		
	<bitmap id="bitmap.OneOnOne" image="bitmap\mainwnd\OneOnOne.png" />
	<bitmap id="bitmap.SuitScreen" image="bitmap\mainwnd\SuitScreen.png" />
	
	<!--分割线-->
	<texture id="texture.splitline.h" type="Stretch" image="bitmap\mainwnd\texture.splitline.h.png" />
	
	<!--透明背景图-->
	<texture id="bitmap.mainwnd.view.transparentbk" type="Tile" image="bitmap\mainwnd\bitmap.mainwnd.view.transparentbk.png" />

	<!--3.通用控件位图-->
	<!--通用按钮背景-->
	<imagelist id="imagelist.texture.common.normalbtn" vertical="0" splitter="1" varyblock="1" image="bitmap\mainwnd\texture.common.normalbtn.png"/>
	<texture id="texture.common.normalbtn.normal" type="NineInOne" imagelist="imagelist.texture.common.normalbtn" index="1"/>
	<texture id="texture.common.normalbtn.hover" type="NineInOne" imagelist="imagelist.texture.common.normalbtn" index="2"/>
	<texture id="texture.common.normalbtn.down" type="NineInOne" imagelist="imagelist.texture.common.normalbtn" index="3"/>
	<texture id="texture.common.normalbtn.disable" type="NineInOne" imagelist="imagelist.texture.common.normalbtn" index="4"/>
	<!--通用蓝按钮背景-->
	<imagelist id="imagelist.texture.common.normalbluebtn" vertical="0" splitter="1" varyblock="1" image="bitmap\mainwnd\texture.common.normalbluebtn.png"/>
	<texture id="texture.common.normalbluebtn.normal" type="NineInOne" imagelist="imagelist.texture.common.normalbluebtn" index="1" />
	<texture id="texture.common.normalbluebtn.hover" type="NineInOne" imagelist="imagelist.texture.common.normalbluebtn" index="2" />
	<texture id="texture.common.normalbluebtn.down" type="NineInOne" imagelist="imagelist.texture.common.normalbluebtn" index="3" />
	
	<!--通用编辑框背景-->
	<texture id="texture.common.edit.bkg" type="NineInOne" image="bitmap\mainwnd\texture.common.edit.bkg.png" />
	
	<!--4.主窗口·标题栏-->
	<imagelist id="imagelist.client.caption.min" vertical="0" splitter="1" varyblock="1" image="bitmap\mainwnd\texture.client.caption.min.png"/>
	<texture id="texture.client.caption.min.normal" type="Stretch" imagelist="imagelist.client.caption.min" index="1" />
	<texture id="texture.client.caption.min.hover" type="Stretch" imagelist="imagelist.client.caption.min" index="2" />
	<texture id="texture.client.caption.min.down" type="Stretch" imagelist="imagelist.client.caption.min" index="3" />
	
	<imagelist id="imagelist.client.caption.max" vertical="0" splitter="1" varyblock="1" image="bitmap\mainwnd\texture.client.caption.max.png"/>
	<texture id="texture.client.caption.max.normal" type="Stretch" imagelist="imagelist.client.caption.max" index="1" />
	<texture id="texture.client.caption.max.hover" type="Stretch" imagelist="imagelist.client.caption.max" index="2" />
	<texture id="texture.client.caption.max.down" type="Stretch" imagelist="imagelist.client.caption.max" index="3" />
	
	<imagelist id="imagelist.client.caption.restore" vertical="0" splitter="1" varyblock="1" image="bitmap\mainwnd\texture.client.caption.restore.png"/>
	<texture id="texture.client.caption.restore.normal" type="Stretch" imagelist="imagelist.client.caption.restore" index="1" />
	<texture id="texture.client.caption.restore.hover" type="Stretch" imagelist="imagelist.client.caption.restore" index="2" />
	<texture id="texture.client.caption.restore.down" type="Stretch" imagelist="imagelist.client.caption.restore" index="3" />
		
	<imagelist id="imagelist.client.caption.close" vertical="0" splitter="1" varyblock="1" image="bitmap\mainwnd\texture.client.caption.close.png"/>
	<texture id="texture.client.caption.close.normal" type="Stretch" imagelist="imagelist.client.caption.close" index="1" />
	<texture id="texture.client.caption.close.hover" type="Stretch" imagelist="imagelist.client.caption.close" index="2" />
	<texture id="texture.client.caption.close.down" type="Stretch" imagelist="imagelist.client.caption.close" index="3" />
	
	<!--5.主窗口·普通工具条控件-->
	<texture id="texture.client.normaltoolbar.client.bkg" type="NineInOne" path="bitmap\mainwnd\texture.client.normaltoolbar.client.bkg.png" />
	
	<!--6.主窗口·面板控件-->
	<texture id="texture.client.controlpanel.bkg" type="NineInOne" path="bitmap\mainwnd\texture.client.controlpanel.bkg.png" />
	
	<!--7.主窗口·工具条-->
	<imagelist id="imagelist.client.normaltoolbar.open" vertical="0" splitter="1" varyblock="1" image="bitmap\mainwnd\texture.client.normaltoolbar.open.png"/>
	<texture id="texture.client.normaltoolbar.open.normal" type="ThreeInOneH" imagelist="imagelist.client.normaltoolbar.open" index="1" />
	<texture id="texture.client.normaltoolbar.open.hover" type="ThreeInOneH" imagelist="imagelist.client.normaltoolbar.open" index="2" />
	<texture id="texture.client.normaltoolbar.open.down" type="ThreeInOneH" imagelist="imagelist.client.normaltoolbar.open" index="3" />
	
	<imagelist id="imagelist.client.normaltoolbar.save" vertical="0" splitter="1" varyblock="1" image="bitmap\mainwnd\texture.client.normaltoolbar.save.png"/>
	<texture id="texture.client.normaltoolbar.save.normal" type="ThreeInOneH" imagelist="imagelist.client.normaltoolbar.save" index="1" />
	<texture id="texture.client.normaltoolbar.save.hover" type="ThreeInOneH" imagelist="imagelist.client.normaltoolbar.save" index="2" />
	<texture id="texture.client.normaltoolbar.save.down" type="ThreeInOneH" imagelist="imagelist.client.normaltoolbar.save" index="3" />
	

	<!-- 8.窗体背景 -->
	<texture id="texture.mainwnd.bkg" type="NineInOne" path="bitmap\mainwnd\texture.mainwnd.bkg.png" />
	<texture id="texture.mainwnd.client.bkg" type="NineInOne" path="bitmap\mainwnd\texture.mainwnd.client.bkg.png" />
	
	<!--主窗口toobar相关-->
	<texture id="texture.mainwnd.toolbar.bkg" type="NineInOne" image="bitmap\mainwnd\texture.mainwnd.toolbar.bkg.png" />
		
	<!--slider-->
	<texture id="texture.mgrwnd.status.sliderbar.bkg" type="ThreeInOneH" image="bitmap\mainwnd\texture.sliderbar.bkg.png" />
	<texture id="texture.mgrwnd.status.sliderbar.hoverbkg" type="ThreeInOneH" image="bitmap\mainwnd\texture.sliderbar.hoverbkg.png" />
	<imagelist id="imagelist.mgrwnd.status.sliderbar.btn" vertical="0" splitter="1" varyblock="1" image="bitmap\mainwnd\texture.sliderbar.btn.bkg.png"/>
	<texture id="texture.mgrwnd.status.sliderbar.btn.normal" type="Stretch" imagelist="imagelist.mgrwnd.status.sliderbar.btn" index="1" />
	<texture id="texture.mgrwnd.status.sliderbar.btn.hover" type="Stretch" imagelist="imagelist.mgrwnd.status.sliderbar.btn" index="2" />
	<texture id="texture.mgrwnd.status.sliderbar.btn.down" type="Stretch" imagelist="imagelist.mgrwnd.status.sliderbar.btn" index="3" />
	<texture id="texture.mgrwnd.status.sliderbar.btn.disable" type="Stretch" imagelist="imagelist.mgrwnd.status.sliderbar.btn" index="4" />

	<!--编辑框-->
	<texture id="texture.common.edit.bkg.normal" type="NineInOne" image="bitmap\mainwnd\texture.common.edit.bkg.png" />
	<texture id="texture.common.edit.bkg.hover" type="NineInOne" image="bitmap\mainwnd\texture.common.edit.bkg.png" />
	<texture id="texture.common.edit.bkg.down" type="NineInOne" image="bitmap\mainwnd\texture.common.edit.bkg.png" />
	<texture id="texture.common.edit.bkg.disable" type="NineInOne" image="bitmap\mainwnd\texture.common.edit.bkg.png" />
	
	<!--下拉框按钮-->
	<imagelist id="imagelist.basicadjust.combobox.list.bkg" vertical="0" splitter="1" varyblock="1" image="bitmap\mainwnd\texture.basicadjust.combobox.list.bkg.png" />
	<texture id="texture.basicadjust.combobox.list.bkg" type="NineInOne" imagelist="imagelist.basicadjust.combobox.list.bkg" index="1" />
	<texture id="texture.basicadjust.combobox.item.sel.bkg" type="NineInOne" imagelist="imagelist.basicadjust.combobox.list.bkg" index="2" />
	
	<imagelist id="imagelist.basicadjust.combobox.bkg" vertical="0" splitter="1" varyblock="1" image="bitmap\mainwnd\texture.basicadjust.combobox.bkg.png" />
	<texture id="texture.basicadjust.combobox.bkg.normal" type="ThreeInOneH" imagelist="imagelist.basicadjust.combobox.bkg" index="1" />
	<texture id="texture.basicadjust.combobox.bkg.hover" type="ThreeInOneH" imagelist="imagelist.basicadjust.combobox.bkg" index="2" />
	<texture id="texture.basicadjust.combobox.bkg.down" type="ThreeInOneH" imagelist="imagelist.basicadjust.combobox.bkg" index="3" />
	
	<!-- 窗体背景 -->
	<texture id="texture.mainwnd.listbox.item.hover.bkg" type="NineInOne" path="bitmap\mainwnd\texture.mainwnd.listbox.item.hover.bkg.png" />
	<texture id="texture.mainwnd.listbox.item.down.bkg" type="NineInOne" path="bitmap\mainwnd\texture.mainwnd.listbox.item.down.bkg.png" />
	
	<!-- 主视图背景 -->
	<texture id="bitmap.mainview.bkg" type="Tile" image="bitmap\mainwnd\bitmap.mainview.bkg.png" />
	
	<!-- listbox背景 -->
	<texture id="texture.client.controlpanel.listbox.bkg" type="NineInOne" path="bitmap\mainwnd\texture.client.controlpanel.listbox.bkg.png" />
	
	<!--组合框背景-->
	<imagelist id="imagelist.client.controlpanel.layerparam.combobox.bkg" vertical="0" splitter="1" varyblock="1" image="bitmap\mainwnd\texture.client.controlpanel.layerparam.combobox.bkg.png"/>
	<texture id="texture.client.controlpanel.layerparam.combobox.bkg.normal" type="ThreeInOneH" imagelist="imagelist.client.controlpanel.layerparam.combobox.bkg" index="1"/>
	<texture id="texture.client.controlpanel.layerparam.combobox.bkg.hover" type="ThreeInOneH" imagelist="imagelist.client.controlpanel.layerparam.combobox.bkg" index="2"/>
	<texture id="texture.client.controlpanel.layerparam.combobox.bkg.down" type="ThreeInOneH" imagelist="imagelist.client.controlpanel.layerparam.combobox.bkg" index="3"/>
	<texture id="texture.client.controlpanel.layerparam.combobox.bkg.disable" type="ThreeInOneH" imagelist="imagelist.client.controlpanel.layerparam.combobox.bkg" index="4"/>
	
	<!--主窗口：视图工具条按钮背景-->
	<imagelist id="imagelist.mainwnd.viewtoolbar.iconbtn.btn.bkg" vertical="0" splitter="1" varyblock="1" image="bitmap\mainwnd\texture.mainwnd.viewtoolbar.iconbtn.btn.bkg.png"/>
	<texture id="texture.mainwnd.viewtoolbar.iconbtn.btn.normal" type="ThreeInOneH" imagelist="imagelist.mainwnd.viewtoolbar.iconbtn.btn.bkg" index="1"/>
	<texture id="texture.mainwnd.viewtoolbar.iconbtn.btn.hover" type="ThreeInOneH" imagelist="imagelist.mainwnd.viewtoolbar.iconbtn.btn.bkg" index="1"/>
	<texture id="texture.mainwnd.viewtoolbar.iconbtn.btn.down" type="ThreeInOneH" imagelist="imagelist.mainwnd.viewtoolbar.iconbtn.btn.bkg" index="2"/>

	<!--适屏-->
	<imagelist id="imagelist.mainwnd.viewtoolbar.icon.adaptscreen" vertical="0" splitter="1" varyblock="1" image="bitmap\mainwnd\bitmap.mainwnd.viewtoolbar.icon.adaptscreen.png"/>
	<bitmap id="bitmap.mainwnd.viewtoolbar.icon.adaptscreen.normal" imagelist="imagelist.mainwnd.viewtoolbar.icon.adaptscreen" index="1"/>
	<bitmap id="bitmap.mainwnd.viewtoolbar.icon.adaptscreen.hover" imagelist="imagelist.mainwnd.viewtoolbar.icon.adaptscreen" index="2"/>

	<!--原大-->
	<imagelist id="imagelist.mainwnd.viewtoolbar.icon.srcscreen" vertical="0" splitter="1" varyblock="1" image="bitmap\mainwnd\bitmap.mainwnd.viewtoolbar.icon.srcscreen.png"/>
	<bitmap id="bitmap.mainwnd.viewtoolbar.icon.srcscreen.normal" imagelist="imagelist.mainwnd.viewtoolbar.icon.srcscreen" index="1"/>
	<bitmap id="bitmap.mainwnd.viewtoolbar.icon.srcscreen.hover" imagelist="imagelist.mainwnd.viewtoolbar.icon.srcscreen" index="2"/>

	<!--9.设置窗口：窗口背景-->
	<texture id="texture.settingswnd.bkg" type="NineInOne" path="bitmap\mainwnd\texture.settingswnd.bkg.png" />
	
	<texture id="texture.mainwnd.image.sel.bkg" type="NineInOne" path="bitmap\mainwnd\texture.mainwnd.image.sel.bkg.png" />
</resource>
</XLUE>