﻿<XLUE>
<resource>
	<!--下面这个字体的facename最为常用，使用系统的默认字体-->	
	<font id="default.font" height="12" facename="宋体" />
	<font id="msg.font" height="40" facename="微软雅黑" />
	<font id="msg.font.bold" height="40" weight="bold" facename="微软雅黑" underline="1"/>
	<font id="font.st.bold.12" height="12" weight="bold" facename="宋体"/>
	
	<font id="font.st.12" height="12" facename="宋体" />
	<font id="font.st.14" height="14" facename="宋体" />
</resource>
</XLUE>

