<!--中文无BOM-->
<xlue>
	<resource>
		<texture id="texture.aboutdlg.bkg" type="Stretch" image="bitmap\texture.aboutdlg.bkg.png" />
		<texture id="texture.dlgwnd.bkg" type="NineInOne" image="bitmap\texture.dlgwnd.bkg.png"/>
		<bitmap id="texture.splitline.h" image="bitmap\texture.splitline.h.png"/>
		<bitmap id="bitmap.aboutdlg.icon" image="bitmap\bitmap.aboutdlg.icon.png" />
		<imagelist id="imagelist.button.exit" vertical="0" splitter="1" varyblock="1" image="bitmap\system.button.png"/>
		<bitmap id="update.system.exit.normal"  imagelist="imagelist.button.exit" index="1"/>
		<bitmap id="update.system.exit.down"  imagelist="imagelist.button.exit" index="2"/>
		<bitmap id="update.system.exit.hover"  imagelist="imagelist.button.exit" index="3"/>
		<bitmap id="update.system.exit.disable"  imagelist="imagelist.button.exit" index="1"/>
		<imagelist id="imagelist.button.min" vertical="0" splitter="1" varyblock="1" image="bitmap\system.button.min.png"/>
		<bitmap id="update.system.min.normal"  imagelist="imagelist.button.min" index="1"/>
		<bitmap id="update.system.min.hover"  imagelist="imagelist.button.min" index="2"/>
		<bitmap id="update.system.min.down"  imagelist="imagelist.button.min" index="3"/>
		<bitmap id="update.system.min.disable"  imagelist="imagelist.button.min" index="1"/>
		<bitmap id ="bitmap.dlg.alert" image="bitmap\bitmap.dlg.alert.icon.png"/>
		<bitmap id ="bitmap.dlg.right" image="bitmap\bitmap.dlg.right.icon.png"/>
		<imagelist id="update.button.bkg" vertical="0" splitter="1" varyblock="1" image="bitmap\texture.btn.bkg.png"/>
		<texture id="update.button.bkg.disable" type="NineInOne"	imagelist="update.button.bkg" index="1"/>
		<texture id="update.button.bkg.normal" type="NineInOne" imagelist="update.button.bkg" index="2"/>
		<texture id="update.button.bkg.hover" type="NineInOne" imagelist="update.button.bkg" index="3"/>
		<texture id="update.button.bkg.down" type="NineInOne" imagelist="update.button.bkg" index="4"/>
		
		<imagelist id="update.button.black.bkg" vertical="0" splitter="1" varyblock="1" image="bitmap\texture.btn.black.bkg.png"/>
		<texture id="update.button.black.bkg.normal" type="NineInOne"	imagelist="update.button.black.bkg" index="1"/>
		<texture id="update.button.black.bkg.hover" type="NineInOne" imagelist="update.button.black.bkg" index="2"/>
		<texture id="update.button.black.bkg.down" type="NineInOne" imagelist="update.button.black.bkg" index="3"/>
		<texture id="update.button.black.bkg.disable" type="NineInOne" imagelist="update.button.black.bkg" index="4"/>
		
		<texture id="texture.processor.empty.bkg" type="ThreeInOneH" image="bitmap\texture.processor.empty.bkg.png" />
		<texture id="texture.processor.full.bkg" type="ThreeInOneH" image="bitmap\texture.processor.full.bkg.png" />
		
		<imagelist id="imagelist.checkbox" vertical="0" splitter="1" varyblock="1" image="bitmap\imagelist.checkbox.png" />
		<bitmap id="bitmap.tick.max" imagelist="imagelist.checkbox" index="1" />
		<bitmap id="bitmap.tick.normal" imagelist="imagelist.checkbox" index="3" />
		<bitmap id="bitmap.tick.disable" imagelist="imagelist.checkbox" index="4" />
		<bitmap id="bitmap.box.normal" imagelist="imagelist.checkbox" index="2" />
		<bitmap id="bitmap.box.disable" imagelist="imagelist.checkbox" index="5" />
		<bitmap id="bitmap.box.hover" imagelist="imagelist.checkbox" index="6" />
	</resource>
</xlue>