<xlue>
	<resource>
		<!--高级批处理-->
		<texture id="texture.superbatch.client.border.bkg" type="NineInOne" image="bitmap\FileMgrWnd\superbatch\texture.client.border.bkg.png" />
		<bitmap id="bitmap.superbatch.uploadQzone.Item.Sel.icon" path="bitmap\Other\texture.jigsaw.selected.png" />
		
		<imagelist id="imagelist.superbatch.btn.add.bkg" vertical="0" splitter="1" varyblock="1" image="bitmap\FileMgrWnd\superbatch\texture.btn.add.bkg.png"/>
		<texture id="texture.superbatch.btn.add.normal" type="Stretch" imagelist="imagelist.superbatch.btn.add.bkg" index="1" />
		<texture id="texture.superbatch.btn.add.hover" type="Stretch" imagelist="imagelist.superbatch.btn.add.bkg" index="2" />
		<texture id="texture.superbatch.btn.add.down" type="Stretch" imagelist="imagelist.superbatch.btn.add.bkg" index="3" />
		<texture id="texture.superbatch.btn.add.disable" type="Stretch" imagelist="imagelist.superbatch.btn.add.bkg" index="4" />
		
		<imagelist id="imagelist.superbatch.btn.remove.bkg" vertical="0" splitter="1" varyblock="1" image="bitmap\FileMgrWnd\superbatch\texture.btn.remove.bkg.png"/>
		<texture id="texture.superbatch.btn.remove.normal" type="Stretch" imagelist="imagelist.superbatch.btn.remove.bkg" index="1" />
		<texture id="texture.superbatch.btn.remove.hover" type="Stretch" imagelist="imagelist.superbatch.btn.remove.bkg" index="2" />
		<texture id="texture.superbatch.btn.remove.down" type="Stretch" imagelist="imagelist.superbatch.btn.remove.bkg" index="3" />
		<texture id="texture.superbatch.btn.remove.disable" type="Stretch" imagelist="imagelist.superbatch.btn.remove.bkg" index="4" />
		
		<texture id="texture.superbatch.list.item.bkg" type="NineInOne" image="bitmap\FileMgrWnd\superbatch\texture.list.item.bkg.png" />
		<texture id="texture.superbatch.output.mask.bkg" type="NineInOne" image="bitmap\FileMgrWnd\superbatch\texture.superbatch.output.mask.bkg.png" />
	
		<imagelist id="imagelist.superbatch.btn.lock.bkg" vertical="0" splitter="1" varyblock="1" image="bitmap\FileMgrWnd\superbatch\texture.superbatch.lock.bgk.png"/>
		<texture id="texture.superbatch.btn.lock.normal" type="Stretch" imagelist="imagelist.superbatch.btn.lock.bkg" index="2" />
		<texture id="texture.superbatch.btn.lock.hover" type="Stretch" imagelist="imagelist.superbatch.btn.lock.bkg" index="3" />
		<texture id="texture.superbatch.btn.lock.down" type="Stretch" imagelist="imagelist.superbatch.btn.lock.bkg" index="3" />
		<texture id="texture.superbatch.btn.lock.disable" type="Stretch" imagelist="imagelist.superbatch.btn.lock.bkg" index="1" />
		
		<imagelist id="imagelist.superbatch.btn.unlock.bkg" vertical="0" splitter="1" varyblock="1" image="bitmap\FileMgrWnd\superbatch\texture.superbatch.unlock.bgk.png"/>
		<texture id="texture.superbatch.btn.unlock.normal" type="Stretch" imagelist="imagelist.superbatch.btn.unlock.bkg" index="2" />
		<texture id="texture.superbatch.btn.unlock.hover" type="Stretch" imagelist="imagelist.superbatch.btn.unlock.bkg" index="3" />
		<texture id="texture.superbatch.btn.unlock.down" type="Stretch" imagelist="imagelist.superbatch.btn.unlock.bkg" index="3" />
		<texture id="texture.superbatch.btn.unlock.disable" type="Stretch" imagelist="imagelist.superbatch.btn.unlock.bkg" index="1" />
		

		<imagelist id="imagelist.superbatch.icon.delete" vertical="0" splitter="1" varyblock="1" image="bitmap\FileMgrWnd\superbatch\bitmap.icon.delete.png" />
		<bitmap id="bitmap.superbatch.icon.delete.normal" imagelist="imagelist.superbatch.icon.delete" index="1" />
		<bitmap id="bitmap.superbatch.icon.delete.hover" imagelist="imagelist.superbatch.icon.delete" index="2" />
		<bitmap id="bitmap.superbatch.icon.delete.down" imagelist="imagelist.superbatch.icon.delete" index="3" />
		<bitmap id="bitmap.superbatch.icon.delete.disable" imagelist="imagelist.superbatch.icon.delete" index="4" />
		
		<imagelist id="imagelist.superbatch.icon.clear" vertical="0" splitter="1" varyblock="1" image="bitmap\FileMgrWnd\superbatch\bitmap.icon.clear.png" />
		<bitmap id="bitmap.superbatch.icon.clear.normal" imagelist="imagelist.superbatch.icon.clear" index="1" />
		<bitmap id="bitmap.superbatch.icon.clear.hover" imagelist="imagelist.superbatch.icon.clear" index="2" />
		<bitmap id="bitmap.superbatch.icon.clear.down" imagelist="imagelist.superbatch.icon.clear" index="3" />
		<bitmap id="bitmap.superbatch.icon.clear.disable" imagelist="imagelist.superbatch.icon.clear" index="4" />
		
		<imagelist id="imagelist.superbatch.icon.edit" vertical="0" splitter="1" varyblock="1" image="bitmap\FileMgrWnd\superbatch\bitmap.icon.edit.png" />
		<bitmap id="bitmap.superbatch.icon.edit.normal" imagelist="imagelist.superbatch.icon.edit" index="1" />
		<bitmap id="bitmap.superbatch.icon.edit.hover" imagelist="imagelist.superbatch.icon.edit" index="2" />
		<bitmap id="bitmap.superbatch.icon.edit.down" imagelist="imagelist.superbatch.icon.edit" index="2" />
		<bitmap id="bitmap.superbatch.icon.edit.disable" imagelist="imagelist.superbatch.icon.edit" index="3" />
		

		
		<bitmap id="bitmap.superbatch.icon.addfile" path="bitmap\FileMgrWnd\superbatch\bitmap.icon.addfile.png" />
		<bitmap id="bitmap.superbatch.icon.addfolder" path="bitmap\FileMgrWnd\superbatch\bitmap.icon.addfolder.png" />
		
		<imagelist id="imagelist.superbatch.icon.downward" vertical="0" splitter="1" varyblock="1" image="bitmap\FileMgrWnd\superbatch\bitmap.icon.downward.png" />
		<bitmap id="bitmap.superbatch.icon.downward.normal" imagelist="imagelist.superbatch.icon.downward" index="1" />
		<bitmap id="bitmap.superbatch.icon.downward.hover" imagelist="imagelist.superbatch.icon.downward" index="2" />
		<bitmap id="bitmap.superbatch.icon.downward.down" imagelist="imagelist.superbatch.icon.downward" index="3" />
		<bitmap id="bitmap.superbatch.icon.downward.disable" imagelist="imagelist.superbatch.icon.downward" index="4" />
		
		<imagelist id="imagelist.superbatch.icon.upward" vertical="0" splitter="1" varyblock="1" image="bitmap\FileMgrWnd\superbatch\bitmap.icon.upward.png" />
		<bitmap id="bitmap.superbatch.icon.upward.normal" imagelist="imagelist.superbatch.icon.upward" index="1" />
		<bitmap id="bitmap.superbatch.icon.upward.hover" imagelist="imagelist.superbatch.icon.upward" index="2" />
		<bitmap id="bitmap.superbatch.icon.upward.down" imagelist="imagelist.superbatch.icon.upward" index="3" />
		<bitmap id="bitmap.superbatch.icon.upward.disable" imagelist="imagelist.superbatch.icon.upward" index="4" />
		
		
		<imagelist id="imagelist.superbatch.ward.left.bkg" vertical="0" splitter="1" varyblock="1" image="bitmap\FileMgrWnd\superbatch\texture.superbatch.ward.left.bkg.png"/>
		<texture id="texture.superbatch.ward.left.bkg.normal" type="ThreeInOneH" imagelist="imagelist.superbatch.ward.left.bkg" index="2" />
		<texture id="texture.superbatch.ward.left.bkg.sel" type="ThreeInOneH" imagelist="imagelist.superbatch.ward.left.bkg" index="1" />
		
		<imagelist id="imagelist.superbatch.ward.mid.bkg" vertical="0" splitter="1" varyblock="1" image="bitmap\FileMgrWnd\superbatch\texture.superbatch.ward.mid.bkg.png"/>
		<texture id="texture.superbatch.ward.mid.bkg.normal" type="ThreeInOneH" imagelist="imagelist.superbatch.ward.mid.bkg" index="2" />
		<texture id="texture.superbatch.ward.mid.bkg.sel" type="ThreeInOneH" imagelist="imagelist.superbatch.ward.mid.bkg" index="1" />
		
		<imagelist id="imagelist.superbatch.ward.right.bkg" vertical="0" splitter="1" varyblock="1" image="bitmap\FileMgrWnd\superbatch\texture.superbatch.ward.right.bkg.png"/>
		<texture id="texture.superbatch.ward.right.bkg.normal" type="ThreeInOneH" imagelist="imagelist.superbatch.ward.right.bkg" index="2" />
		<texture id="texture.superbatch.ward.right.bkg.sel" type="ThreeInOneH" imagelist="imagelist.superbatch.ward.right.bkg" index="1" />
		
		<imagelist id="imagelist.superbatch.ward.one.icon" vertical="0" splitter="1" varyblock="1" image="bitmap\FileMgrWnd\superbatch\texture.superbatch.ward.one.icon.png"/>
		<bitmap id="bitmap.superbatch.ward.one.icon.normal1" imagelist="imagelist.superbatch.ward.one.icon" index="3" />
		<bitmap id="bitmap.superbatch.ward.one.icon.normal2" imagelist="imagelist.superbatch.ward.one.icon" index="2" />
		<bitmap id="bitmap.superbatch.ward.one.icon.sel" imagelist="imagelist.superbatch.ward.one.icon" index="1" />
		
		
		<imagelist id="imagelist.superbatch.ward.two.icon" vertical="0" splitter="1" varyblock="1" image="bitmap\FileMgrWnd\superbatch\texture.superbatch.ward.two.icon.png"/>
		<bitmap id="bitmap.superbatch.ward.two.icon.normal1" imagelist="imagelist.superbatch.ward.two.icon" index="3" />
		<bitmap id="bitmap.superbatch.ward.two.icon.normal2" imagelist="imagelist.superbatch.ward.two.icon" index="2" />
		<bitmap id="bitmap.superbatch.ward.two.icon.sel" imagelist="imagelist.superbatch.ward.two.icon" index="1" />
		
		<imagelist id="imagelist.superbatch.ward.three.icon" vertical="0" splitter="1" varyblock="1" image="bitmap\FileMgrWnd\superbatch\texture.superbatch.ward.three.icon.png"/>
		<bitmap id="bitmap.superbatch.ward.three.icon.normal1" imagelist="imagelist.superbatch.ward.three.icon" index="3" />
		<bitmap id="bitmap.superbatch.ward.three.icon.normal2" imagelist="imagelist.superbatch.ward.three.icon" index="2" />
		<bitmap id="bitmap.superbatch.ward.three.icon.sel" imagelist="imagelist.superbatch.ward.three.icon" index="1" />
		
		
		<imagelist id="imagelist.superbatch.list.icon" vertical="0" splitter="1" varyblock="1" image="bitmap\FileMgrWnd\superbatch\texture.superbatch.list.icon.png"/>
		<texture id="texture.superbatch.list.icon.normal" type="Stretch" imagelist="imagelist.superbatch.list.icon" index="1" />
		<texture id="texture.superbatch.list.icon.hover" type="Stretch" imagelist="imagelist.superbatch.list.icon" index="2" />
		<texture id="texture.superbatch.list.icon.down" type="Stretch" imagelist="imagelist.superbatch.list.icon" index="3" />
		<texture id="texture.superbatch.list.icon.sel" type="Stretch" imagelist="imagelist.superbatch.list.icon" index="3" />
		
		<imagelist id="imagelist.superbatch.history.bkg" vertical="0" splitter="1" varyblock="1" image="bitmap\FileMgrWnd\superbatch\texture.superbatch.history.bkg.png"/>
		<texture id="texture.superbatch.history.bkg.normal" type="Stretch" imagelist="imagelist.superbatch.history.bkg" index="1" />
		<texture id="texture.superbatch.history.bkg.hover" type="Stretch" imagelist="imagelist.superbatch.history.bkg" index="2" />
		<texture id="texture.superbatch.history.bkg.down" type="Stretch" imagelist="imagelist.superbatch.history.bkg" index="3" />
		<texture id="texture.superbatch.history.bkg.sel" type="Stretch" imagelist="imagelist.superbatch.history.bkg" index="3" />
		
		<imagelist id="imagelist.superbatch.viewlist.icon" vertical="0" splitter="1" varyblock="1" image="bitmap\FileMgrWnd\superbatch\texture.superbatch.viewlist.icon.png"/>
		<texture id="texture.superbatch.viewlist.icon.normal" type="Stretch" imagelist="imagelist.superbatch.viewlist.icon" index="1" />
		<texture id="texture.superbatch.viewlist.icon.hover" type="Stretch" imagelist="imagelist.superbatch.viewlist.icon" index="2" />
		<texture id="texture.superbatch.viewlist.icon.down" type="Stretch" imagelist="imagelist.superbatch.viewlist.icon" index="3" />
		<texture id="texture.superbatch.viewlist.icon.sel" type="Stretch" imagelist="imagelist.superbatch.viewlist.icon" index="3" />

		
		<imagelist id="imagelist.superbatch.viewlist.del.icon" vertical="0" splitter="1" varyblock="1" image="bitmap\FileMgrWnd\superbatch\texture.superbatch.viewlist.del.icon.png"/>
		<texture id="texture.superbatch.viewlist.del.icon.normal" type="Stretch" imagelist="imagelist.superbatch.viewlist.del.icon" index="2" />
		<texture id="texture.superbatch.viewlist.del.icon.hover" type="Stretch" imagelist="imagelist.superbatch.viewlist.del.icon" index="1" />
		
		<imagelist id="imagelist.superbatch.frame.icon" vertical="0" splitter="1" varyblock="1" image="bitmap\FileMgrWnd\superbatch\bitmap.superbatch.frame.icon.png"/>
		<bitmap id="bitmap.superbatch.frame.icon.normal" imagelist="imagelist.superbatch.frame.icon" index="1" />
		<bitmap id="bitmap.superbatch.frame.icon.hover" imagelist="imagelist.superbatch.frame.icon" index="2" />
		
		<imagelist id="imagelist.superbatch.resize.icon" vertical="0" splitter="1" varyblock="1" image="bitmap\FileMgrWnd\superbatch\bitmap.superbatch.resize.icon.png"/>
		<bitmap id="bitmap.superbatch.resize.icon.normal" imagelist="imagelist.superbatch.resize.icon" index="1" />
		<bitmap id="bitmap.superbatch.resize.icon.hover" imagelist="imagelist.superbatch.resize.icon" index="2" />
		
		<imagelist id="imagelist.superbatch.onekey.icon" vertical="0" splitter="1" varyblock="1" image="bitmap\FileMgrWnd\superbatch\bitmap.superbatch.onekey.icon.png"/>
		<bitmap id="bitmap.superbatch.onekey.icon.normal" imagelist="imagelist.superbatch.onekey.icon" index="1" />
		<bitmap id="bitmap.superbatch.onekey.icon.hover" imagelist="imagelist.superbatch.onekey.icon" index="2" />
		
		<imagelist id="imagelist.superbatch.mark.icon" vertical="0" splitter="1" varyblock="1" image="bitmap\FileMgrWnd\superbatch\bitmap.superbatch.mark.icon.png"/>
		<bitmap id="bitmap.superbatch.mark.icon.normal" imagelist="imagelist.superbatch.mark.icon" index="1" />
		<bitmap id="bitmap.superbatch.mark.icon.hover" imagelist="imagelist.superbatch.mark.icon" index="2" />
		
		<imagelist id="imagelist.superbatch.text.icon" vertical="0" splitter="1" varyblock="1" image="bitmap\FileMgrWnd\superbatch\bitmap.superbatch.text.icon.png"/>
		<bitmap id="bitmap.superbatch.text.icon.normal" imagelist="imagelist.superbatch.text.icon" index="1" />
		<bitmap id="bitmap.superbatch.text.icon.hover" imagelist="imagelist.superbatch.text.icon" index="2" />
		
		<imagelist id="imagelist.superbatch.template.icon" vertical="0" splitter="1" varyblock="1" image="bitmap\FileMgrWnd\superbatch\bitmap.superbatch.template.icon.png"/>
		<bitmap id="bitmap.superbatch.template.icon.normal" imagelist="imagelist.superbatch.template.icon" index="1" />
		<bitmap id="bitmap.superbatch.template.icon.hover" imagelist="imagelist.superbatch.template.icon" index="2" />
		
		<imagelist id="imagelist.superbatch.clip.icon" vertical="0" splitter="1" varyblock="1" image="bitmap\FileMgrWnd\superbatch\bitmap.superbatch.clip.icon.png"/>
		<bitmap id="bitmap.superbatch.clip.icon.normal" imagelist="imagelist.superbatch.clip.icon" index="1" />
		<bitmap id="bitmap.superbatch.clip.icon.hover" imagelist="imagelist.superbatch.clip.icon" index="2" />
		
		
		<imagelist id="imagelist.superbatch.preview.dlg.bigbtn.left" vertical="0" splitter="1" varyblock="1" image="bitmap\FileMgrWnd\superbatch\texture.superbatch.preview.dlg.bigbtn.left.png" />
		<texture id="texture.superbatch.preview.dlg.bigbtn.left.normal" imagelist="imagelist.superbatch.preview.dlg.bigbtn.left" index="1" />
		<texture id="texture.superbatch.preview.dlg.bigbtn.left.hover" imagelist="imagelist.superbatch.preview.dlg.bigbtn.left" index="2" />
		<texture id="texture.superbatch.preview.dlg.bigbtn.left.down" imagelist="imagelist.superbatch.preview.dlg.bigbtn.left" index="2" />
		<texture id="texture.superbatch.preview.dlg.bigbtn.left.disable" imagelist="imagelist.superbatch.preview.dlg.bigbtn.left" index="2" />
		
		<imagelist id="imagelist.superbatch.preview.dlg.bigbtn.right" vertical="0" splitter="1" varyblock="1" image="bitmap\FileMgrWnd\superbatch\texture.superbatch.preview.dlg.bigbtn.right.png" />
		<texture id="texture.superbatch.preview.dlg.bigbtn.right.normal" imagelist="imagelist.superbatch.preview.dlg.bigbtn.right" index="1" />
		<texture id="texture.superbatch.preview.dlg.bigbtn.right.hover" imagelist="imagelist.superbatch.preview.dlg.bigbtn.right" index="2" />
		<texture id="texture.superbatch.preview.dlg.bigbtn.right.down" imagelist="imagelist.superbatch.preview.dlg.bigbtn.right" index="2" />
		<texture id="texture.superbatch.preview.dlg.bigbtn.right.disable" imagelist="imagelist.superbatch.preview.dlg.bigbtn.right" index="2" />
		
		<imagelist id="imagelist.superbatch.preview.dlg.smallbtn.right" vertical="0" splitter="1" varyblock="1" image="bitmap\FileMgrWnd\superbatch\texture.superbatch.preview.dlg.smallbtn.right.png" />
		<texture id="texture.superbatch.preview.dlg.smallbtn.right.normal" imagelist="imagelist.superbatch.preview.dlg.smallbtn.right" index="1" />
		<texture id="texture.superbatch.preview.dlg.smallbtn.right.hover" imagelist="imagelist.superbatch.preview.dlg.smallbtn.right" index="2" />
		<texture id="texture.superbatch.preview.dlg.smallbtn.right.down" imagelist="imagelist.superbatch.preview.dlg.smallbtn.right" index="3" />
		<texture id="texture.superbatch.preview.dlg.smallbtn.right.disable" imagelist="imagelist.superbatch.preview.dlg.smallbtn.right" index="2" />
		
		<imagelist id="imagelist.superbatch.preview.dlg.smallbtn.left" vertical="0" splitter="1" varyblock="1" image="bitmap\FileMgrWnd\superbatch\texture.superbatch.preview.dlg.smallbtn.left.png" />
		<texture id="texture.superbatch.preview.dlg.smallbtn.left.normal" imagelist="imagelist.superbatch.preview.dlg.smallbtn.left" index="1" />
		<texture id="texture.superbatch.preview.dlg.smallbtn.left.hover" imagelist="imagelist.superbatch.preview.dlg.smallbtn.left" index="2" />
		<texture id="texture.superbatch.preview.dlg.smallbtn.left.down" imagelist="imagelist.superbatch.preview.dlg.smallbtn.left" index="3" />
		<texture id="texture.superbatch.preview.dlg.smallbtn.left.disable" imagelist="imagelist.superbatch.preview.dlg.smallbtn.left" index="2" />
		
	<!--批处理-->
		<texture id="texture.batchresize.splitline.h" type="Stretch" image="bitmap\FileMgrWnd\batchprocess\texture.batchresize.splitline.h.png" />
		<texture id="texture.batchresize.splitline.v" type="Stretch" image="bitmap\FileMgrWnd\batchprocess\texture.batchresize.splitline.v.png" />
		<bitmap id="bitmap.batchresize.lockline" path="bitmap\FileMgrWnd\batchprocess\bitmap.batchresize.lockline.png" />
		<bitmap id="bitmap.batchprocess.scanning" path="bitmap\FileMgrWnd\batchprocess\bitmap.batchprocess.scanning.png" />
		
		<imagelist id="imagelist.bitmap.batchprocess.preview" vertical="0" splitter="1" varyblock="1" image="bitmap\FileMgrWnd\batchprocess\bitmap.batchprocess.preview.png" />
		<bitmap id="bitmap.batchprocess.preview.normal" imagelist="imagelist.bitmap.batchprocess.preview" index="1" />
		<bitmap id="bitmap.batchprocess.preview.hover" imagelist="imagelist.bitmap.batchprocess.preview" index="2" />
		<bitmap id="bitmap.batchprocess.preview.down" imagelist="imagelist.bitmap.batchprocess.preview" index="3" />
		
		<texture id="texture.superbatch.list.item.hover.bkg" type="NineInOne" image="bitmap\FileMgrWnd\superbatch\texture.superbatch.list.item.hover.bkg.png" />
		<texture id="texture.superbatch.list.item.normal.bkg" type="NineInOne" image="bitmap\FileMgrWnd\superbatch\texture.superbatch.list.item.normal.bkg.png" />
		<texture id="texture.superbatch.list.header.bkg" type="NineInOne" image="bitmap\FileMgrWnd\superbatch\texture.superbatch.list.header.bkg.png" />
	
	</resource>
</xlue>
