<xlue>
	<resource>
		<texture id="texture.cutout.dlg.bottom.bkg" type="NineInOne" image="bitmap\cutout\texture.cutout.dlg.bottom.bkg.png"/>

		<imagelist id="imagelist.bitmap.cutout.easy.icon" vertical="0" splitter="1" varyblock="1" image="bitmap\cutout\bitmap.cutout.easy.icon.png"/>
		<bitmap id="bitmap.cutout.easy.icon.normal" imagelist="imagelist.bitmap.cutout.easy.icon" index="1" />
		<bitmap id="bitmap.cutout.easy.icon.hover" imagelist="imagelist.bitmap.cutout.easy.icon" index="2" />
		
		<imagelist id="imagelist.bitmap.cutout.manual.icon" vertical="0" splitter="1" varyblock="1" image="bitmap\cutout\bitmap.cutout.manual.icon.png"/>
		<bitmap id="bitmap.cutout.manual.icon.normal" imagelist="imagelist.bitmap.cutout.manual.icon" index="1" />
		<bitmap id="bitmap.cutout.manual.icon.hover" imagelist="imagelist.bitmap.cutout.manual.icon" index="2" />
		
		<imagelist id="imagelist.bitmap.cutout.shape.icon" vertical="0" splitter="1" varyblock="1" image="bitmap\cutout\bitmap.cutout.shape.icon.png"/>
		<bitmap id="bitmap.cutout.shape.icon.normal" imagelist="imagelist.bitmap.cutout.shape.icon" index="1" />
		<bitmap id="bitmap.cutout.shape.icon.hover" imagelist="imagelist.bitmap.cutout.shape.icon" index="2" />
		
		<imagelist id="imagelist.bitmap.cutout.color.icon" vertical="0" splitter="1" varyblock="1" image="bitmap\cutout\bitmap.cutout.color.icon.png"/>
		<bitmap id="bitmap.cutout.color.icon.normal" imagelist="imagelist.bitmap.cutout.color.icon" index="1" />
		<bitmap id="bitmap.cutout.color.icon.hover" imagelist="imagelist.bitmap.cutout.color.icon" index="2" />

		<imagelist id="imagelist.bitmap.cutout.easy.restart" vertical="0" splitter="1" varyblock="1" image="bitmap\cutout\bitmap.cutout.easy.restart.png"/>
		<bitmap id="bitmap.cutout.easy.restart.disable" imagelist="imagelist.bitmap.cutout.easy.restart" index="3" />
		<bitmap id="bitmap.cutout.easy.restart.normal" imagelist="imagelist.bitmap.cutout.easy.restart" index="1" />
		<bitmap id="bitmap.cutout.easy.restart.hover" imagelist="imagelist.bitmap.cutout.easy.restart" index="2" />

		<imagelist id="imagelist.bitmap.cutout.easy.cutoutpen" vertical="0" splitter="1" varyblock="1" image="bitmap\cutout\bitmap.cutout.easy.cutoutpen.png"/>
		<bitmap id="bitmap.cutout.easy.cutoutpen.normal" imagelist="imagelist.bitmap.cutout.easy.cutoutpen" index="1" />
		<bitmap id="bitmap.cutout.easy.cutoutpen.hover" imagelist="imagelist.bitmap.cutout.easy.cutoutpen" index="2" />

		<imagelist id="imagelist.bitmap.cutout.easy.deletepen" vertical="0" splitter="1" varyblock="1" image="bitmap\cutout\bitmap.cutout.easy.deletepen.png"/>
		<bitmap id="bitmap.cutout.easy.deletepen.normal" imagelist="imagelist.bitmap.cutout.easy.deletepen" index="1" />
		<bitmap id="bitmap.cutout.easy.deletepen.hover" imagelist="imagelist.bitmap.cutout.easy.deletepen" index="2" />

		<bitmap id="bitmap.cutout.easy.example" image="bitmap\cutout\bitmap.cutout.easy.example.png"/>
		<bitmap id="bitmap.cutout.manual.example" image="bitmap\cutout\bitmap.cutout.manual.example.png"/>

		<bitmap id="bitmap.cutout.addbkg.transparentbkg" image="bitmap\cutout\bitmap.cutout.addbkg.transparentbkg.png"/>

		<imagelist id="imagelist.bitmap.cutout.addbkg.eraser" vertical="0" splitter="1" varyblock="1" image="bitmap\cutout\bitmap.cutout.addbkg.eraser.png"/>
		<bitmap id="bitmap.cutout.addbkg.eraser.normal" imagelist="imagelist.bitmap.cutout.addbkg.eraser" index="1" />
		<bitmap id="bitmap.cutout.addbkg.eraser.hover" imagelist="imagelist.bitmap.cutout.addbkg.eraser" index="2" />

		<imagelist id="imagelist.bitmap.cutout.eraser.del" vertical="0" splitter="1" varyblock="1" image="bitmap\cutout\bitmap.cutout.eraser.del.png"/>
		<bitmap id="bitmap.cutout.eraser.del.normal" imagelist="imagelist.bitmap.cutout.eraser.del" index="1" />
		<bitmap id="bitmap.cutout.eraser.del.hover" imagelist="imagelist.bitmap.cutout.eraser.del" index="2" />

		<imagelist id="imagelist.bitmap.cutout.eraser.add" vertical="0" splitter="1" varyblock="1" image="bitmap\cutout\bitmap.cutout.eraser.add.png"/>
		<bitmap id="bitmap.cutout.eraser.add.normal" imagelist="imagelist.bitmap.cutout.eraser.add" index="1" />
		<bitmap id="bitmap.cutout.eraser.add.hover" imagelist="imagelist.bitmap.cutout.eraser.add" index="2" />

		<imagelist id="imagelist.texture.cutout.shape.applyselect" vertical="0" splitter="1" varyblock="1" image="bitmap\cutout\texture.cutout.shape.applyselect.png"/>
		<texture id="texture.cutout.shape.applyselect.normal" type="NineInOne" imagelist="imagelist.texture.cutout.shape.applyselect" index="1" />
		<texture id="texture.cutout.shape.applyselect.hover" type="NineInOne" imagelist="imagelist.texture.cutout.shape.applyselect" index="2" />
		
		<imagelist id="imagelist.bitmap.cutout.shape.rectangle" vertical="0" splitter="1" varyblock="1" image="bitmap\cutout\bitmap.cutout.shape.rectangle.png"/>
		<bitmap id="bitmap.cutout.shape.rectangle.normal" imagelist="imagelist.bitmap.cutout.shape.rectangle" index="1" />
		<bitmap id="bitmap.cutout.shape.rectangle.hover" imagelist="imagelist.bitmap.cutout.shape.rectangle" index="2" />

		<imagelist id="imagelist.bitmap.cutout.shape.circle" vertical="0" splitter="1" varyblock="1" image="bitmap\cutout\bitmap.cutout.shape.circle.png"/>
		<bitmap id="bitmap.cutout.shape.circle.normal" imagelist="imagelist.bitmap.cutout.shape.circle" index="1" />
		<bitmap id="bitmap.cutout.shape.circle.hover" imagelist="imagelist.bitmap.cutout.shape.circle" index="2" />
		
		<imagelist id="imagelist.bitmap.cutout.color.tubularis" vertical="0" splitter="1" varyblock="1" image="bitmap\cutout\bitmap.cutout.color.tubularis.png"/>
		<bitmap id="bitmap.cutout.color.tubularis.normal" imagelist="imagelist.bitmap.cutout.color.tubularis" index="1" />
		<bitmap id="bitmap.cutout.color.tubularis.hover" imagelist="imagelist.bitmap.cutout.color.tubularis" index="2" />
		
		<imagelist id="imagelist.bitmap.cutout.add" vertical="0" splitter="1" varyblock="1" image="bitmap\cutout\bitmap.cutout.add.png"/>
		<bitmap id="bitmap.cutout.add.normal" imagelist="imagelist.bitmap.cutout.add" index="1" />
		<bitmap id="bitmap.cutout.add.hover" imagelist="imagelist.bitmap.cutout.add" index="2" />
		<bitmap id="bitmap.cutout.add.down" imagelist="imagelist.bitmap.cutout.add" index="3" />
		
		<imagelist id="imagelist.bitmap.cutout.reduce" vertical="0" splitter="1" varyblock="1" image="bitmap\cutout\bitmap.cutout.reduce.png"/>
		<bitmap id="bitmap.cutout.reduce.normal" imagelist="imagelist.bitmap.cutout.reduce" index="1" />
		<bitmap id="bitmap.cutout.reduce.hover" imagelist="imagelist.bitmap.cutout.reduce" index="2" />
		<bitmap id="bitmap.cutout.reduce.down" imagelist="imagelist.bitmap.cutout.reduce" index="3" />
		
		<bitmap id="bitmap.cutout.radius.add" image="bitmap\cutout\bitmap.cutout.radius.add.png"/>
		<bitmap id="bitmap.cutout.radius.reduce" image="bitmap\cutout\bitmap.cutout.radius.reduce.png"/>
		
	</resource>
</xlue>