<xlue>
	<resource>
		<!--通用资源-->
		<texture id="texture.splitline.h" type="Stretch" image="bitmap\Other\texture.mainwnd.splitline.h.png" />
		<texture id="texture.splitline.v" type="Stretch" image="bitmap\Other\texture.mainwnd.splitline.v.png" />
		<texture id="texture.imageview.shadow" type="NineInOne" image="bitmap\editwnd\texture.imageview.shadow.png" />
		<texture id="texture.resizepanel.bkg" type="NineInOne" image="bitmap\Dlg\texture.dlg.resize.bkg.png" />
		<texture id="texture.view.transparent.bkg" type="Tile" image="bitmap\editwnd\texture.view.transparent.bkg.png" />

		<texture id="texture.righttab.panel.bak" type="NineInOne" image="bitmap\editwnd\texture.righttab.panel.bak.png" />

		<texture id="texture.savedlg.expand.border" type="NineInOne" image="bitmap\editwnd\texture.savedlg.expand.border.png" />


		<!--主Tab-->
		<imagelist id="imageList.editwnd.righttab.itembtn" vertical="0" splitter="1" varyblock="1" image="bitmap\editwnd\texture.righttab.item.bkg.png"/>
		<texture id="texture.editwnd.righttab.itembtn.normal" type="Stretch" imagelist="imageList.editwnd.righttab.itembtn" index="2" />
		<texture id="texture.editwnd.righttab.itembtn.hover" type="Stretch" imagelist="imageList.editwnd.righttab.itembtn" index="1" />
		<texture id="texture.editwnd.righttab.itembtn.down" type="Stretch" imagelist="imageList.editwnd.righttab.itembtn" index="1" />
		<texture id="texture.editwnd.righttab.itembtn.disable" type="Stretch" imagelist="imageList.editwnd.righttab.itembtn" index="2" />
		<texture id="texture.editwnd.righttab.itembtn.sel" type="Stretch" imagelist="imageList.editwnd.righttab.itembtn" index="1" />

		<bitmap id="bitmap.editwnd.textlayer.color" image="bitmap\editwnd\bitmap.editwnd.textlayer.color.png" />
		<texture id="texture.imageview.bkg" type="Tile" image="bitmap\editwnd\bitmap.imageview.bkg.png" />

		<texture id="texture.view.toolbar.bkg" type="NineInOne" image="bitmap\editwnd\texture.view.toolbar.bkg.png" />
		<imagelist id="imageList.view.toolbar.btn.bkg" vertical="0" splitter="1" varyblock="1" image="bitmap\Control\texture.midtoolbar.btn.bkg.png"/>
		<texture id="texture.view.toolbar.btn.bkg.hover" type="NineInOne" imagelist="imageList.view.toolbar.btn.bkg" index="1" />
		<texture id="texture.view.toolbar.btn.bkg.down" type="NineInOne" imagelist="imageList.view.toolbar.btn.bkg" index="2" />

		<!--基本调整-->
		<imagelist id="imagelist.editwnd.righttab.itemicon.baseadjust" vertical="0" splitter="1" varyblock="1" image="bitmap\editwnd\bitmap.righttab.itemicon.baseadjust.png"/>
		<bitmap id="bitmap.editwnd.righttab.itemicon.baseadjust.normal" imagelist="imagelist.editwnd.righttab.itemicon.baseadjust" index="1"/>
		<bitmap id="bitmap.editwnd.righttab.itemicon.baseadjust.hover" imagelist="imagelist.editwnd.righttab.itemicon.baseadjust" index="2"/>
		<bitmap id="bitmap.editwnd.righttab.itemicon.baseadjust.down" imagelist="imagelist.editwnd.righttab.itemicon.baseadjust" index="2"/>


		<texture id="texture.lineborder.bkg" type="NineInOne" image="bitmap\editwnd\texture.lineborder.bkg.png" />

		<texture id="texture.basicadjust.menu.bkg" type="ThreeInOneH" image="bitmap\editwnd\BasicAdjust\texture.basicadjust.menu.bkg.png" />
		<texture id="texture.basicadjust.menu.hover.bkg" type="NineInOne" image="bitmap\editwnd\BasicAdjust\texture.basicadjust.menu.hover.bkg.png" />
		<texture id="texture.basicadjust.content.bkg" type="NineInOne" image="bitmap\editwnd\BasicAdjust\texture.basicadjust.content.bkg.png" />
		<texture id="texture.basicadjust.content.text.bkg" type="NineInOne" image="bitmap\editwnd\BasicAdjust\texture.basicadjust.content.text.bkg.png" />
		<bitmap id="bitmap.basicadjust.menu.icon.on" image="bitmap\editwnd\BasicAdjust\bitmap.basicadjust.menu.icon.on.png" />
		<bitmap id="bitmap.basicadjust.menu.icon.off" image="bitmap\editwnd\BasicAdjust\bitmap.basicadjust.menu.icon.off.png" />

		<imagelist id="imagelist.basicadjust.onekeyset.bkg" vertical="0" splitter="1" varyblock="1" image="bitmap\Control\texture.baseadjust.onekeyset.btn.bkg.png" />
		<texture id="texture.baseadjust.onekeyset.bkg.normal" type="NineInOne" imagelist="imagelist.basicadjust.onekeyset.bkg" index="1" />
		<texture id="texture.baseadjust.onekeyset.bkg.hover" type="NineInOne" imagelist="imagelist.basicadjust.onekeyset.bkg" index="2" />
		<texture id="texture.baseadjust.onekeyset.bkg.down" type="NineInOne" imagelist="imagelist.basicadjust.onekeyset.bkg" index="3" />

		<imagelist id="imagelist.basicadjust.combobox.bkg" vertical="0" splitter="1" varyblock="1" image="bitmap\Control\Combobox\texture.editwnd.combobox.bkg.png" />
		<texture id="texture.basicadjust.combobox.bkg.normal" type="ThreeInOneH" imagelist="imagelist.basicadjust.combobox.bkg" index="1" />
		<texture id="texture.basicadjust.combobox.bkg.hover" type="ThreeInOneH" imagelist="imagelist.basicadjust.combobox.bkg" index="2" />
		<texture id="texture.basicadjust.combobox.bkg.down" type="ThreeInOneH" imagelist="imagelist.basicadjust.combobox.bkg" index="3" />

		<imagelist id="imagelist.basicadjust.channelswitch.btn.bkg" vertical="0" splitter="1" varyblock="1" image="bitmap\Control\texture.basicadjust.channelswitch.btn.bkg.png" />
		<texture id="texture.basicadjust.channelswitch.btn.bkg.normal" type="ThreeInOneH" imagelist="imagelist.basicadjust.channelswitch.btn.bkg" index="1" />
		<texture id="texture.basicadjust.channelswitch.btn.bkg.hover" type="ThreeInOneH" imagelist="imagelist.basicadjust.channelswitch.btn.bkg" index="2" />
		<texture id="texture.basicadjust.channelswitch.btn.bkg.down" type="ThreeInOneH" imagelist="imagelist.basicadjust.channelswitch.btn.bkg" index="3" />
		
		<imagelist id="imagelist.basicadjust.channelswitch.btn.icon" vertical="0" splitter="1" varyblock="1" image="bitmap\editwnd\BasicAdjust\bitmap.basicadjust.channelswitch.btn.icon.png" />
		<bitmap id="bitmap.basicadjust.channelswitch.btn.icon.normal" imagelist="imagelist.basicadjust.channelswitch.btn.icon" index="1"/>
		<bitmap id="bitmap.basicadjust.channelswitch.btn.icon.hover" imagelist="imagelist.basicadjust.channelswitch.btn.icon" index="2"/>
		
		<!--imagelist id="imagelist.basicadjust.combobox.list.bkg" vertical="0" splitter="1" varyblock="1" image="bitmap\Control\Combobox\texture.basicadjust.combobox.list.bkg.png" />
		<texture id="texture.basicadjust.combobox.list.bkg" type="NineInOne" imagelist="imagelist.basicadjust.combobox.list.bkg" index="1" />
		<texture id="texture.basicadjust.combobox.item.sel.bkg" type="NineInOne" imagelist="imagelist.basicadjust.combobox.list.bkg" index="2" /-->
		<texture id="texture.basicadjust.combobox.list.bkg" type="NineInOne" image="bitmap\Control\Combobox\bitmap.dlg.combobox.list.bkg.png" />
		<texture id="texture.basicadjust.combobox.item.sel.bkg" type="NineInOne" image="bitmap\Control\Combobox\bitmap.dlg.combobox.list.item.hover.bkg.png" />
		
		
		<!--数字点测光-->
		<texture id="texture.basicadjust.onekeyset.adjustexposurebypoint.viewbkg" type="NineInOne" image="bitmap\editwnd\BasicAdjust\texture.basicadjust.onekeyset.adjustexposurebypoint.viewbkg.png" />
		<texture id="texture.basicadjust.onekeyset.adjustexposurebypoint.viewshadow" type="NineInOne" image="bitmap\editwnd\BasicAdjust\texture.basicadjust.onekeyset.adjustexposurebypoint.viewshadow.png" />
		<bitmap id="bitmap.basicadjust.onekeyset.adjustexposurebypoint.title.bkg" image="bitmap\editwnd\BasicAdjust\bitmap.basicadjust.onekeyset.adjustexposurebypoint.title.bkg.png" />
		<bitmap id="bitmap.basicadjust.onekeyset.adjustexposurebypoint.ev.bkg" image="bitmap\editwnd\BasicAdjust\bitmap.basicadjust.onekeyset.adjustexposurebypoint.ev.bkg.png" />
		<texture id="texture.basicadjust.onekeyset.adjustexposurebypoint.scrollbar.corner" type="NineInOne" image="bitmap\editwnd\BasicAdjust\texture.basicadjust.onekeyset.adjustexposurebypoint.scrollbar.corner.png" />

		<imagelist id="imagelist.texture.basicadjust.onekeyset.adjustexposurebypoint.sliderbtn" vertical="0" splitter="1" varyblock="1" image="bitmap\Control\texture.basicadjust.onekeyset.adjustexposurebypoint.sliderbtn.png"/>
		<texture id="texture.basicadjust.onekeyset.adjustexposurebypoint.sliderbtn.normal" type="Stretch" imagelist="imagelist.texture.basicadjust.onekeyset.adjustexposurebypoint.sliderbtn" index="1" />
		<texture id="texture.basicadjust.onekeyset.adjustexposurebypoint.sliderbtn.hover" type="Stretch" imagelist="imagelist.texture.basicadjust.onekeyset.adjustexposurebypoint.sliderbtn" index="2" />
		<texture id="texture.basicadjust.onekeyset.adjustexposurebypoint.sliderbtn.down" type="Stretch" imagelist="imagelist.texture.basicadjust.onekeyset.adjustexposurebypoint.sliderbtn" index="3" />
		<texture id="texture.basicadjust.onekeyset.adjustexposurebypoint.sliderbtn.disable" type="Stretch" imagelist="imagelist.texture.basicadjust.onekeyset.adjustexposurebypoint.sliderbtn" index="4" />

		<!--数码暗房-->
		<imagelist id="imagelist.editwnd.righttab.itemicon.digitaldarkroom" vertical="0" splitter="1" varyblock="1" image="bitmap\editwnd\bitmap.righttab.itemicon.digitaldarkroom.png"/>
		<bitmap id="bitmap.editwnd.righttab.itemicon.digitaldarkroom.normal" imagelist="imagelist.editwnd.righttab.itemicon.digitaldarkroom" index="1"/>
		<bitmap id="bitmap.editwnd.righttab.itemicon.digitaldarkroom.hover" imagelist="imagelist.editwnd.righttab.itemicon.digitaldarkroom" index="2"/>
		<bitmap id="bitmap.editwnd.righttab.itemicon.digitaldarkroom.down" imagelist="imagelist.editwnd.righttab.itemicon.digitaldarkroom" index="2"/>

		<bitmap id="bitmap.digitaldarkroom.new.icon" image="bitmap\editwnd\DigitalDarkroom\bitmap.digitaldarkroom.new.icon.png" />
		<bitmap id="bitmap.digitaldarkroom.mycolor.describe" image="bitmap\editwnd\DigitalDarkroom\bitmap.digitaldarkroom.mycolor.describe.png" />
		<bitmap id="bitmap.digitaldarkroom.mycolor.icon" image="bitmap\editwnd\DigitalDarkroom\bitmap.digitaldarkroom.mycolor.icon.png" />
		<texture id="bitmap.digitaldarkroom.mycolor.splitline" type="Stretch" image="bitmap\editwnd\DigitalDarkroom\bitmap.digitaldarkroom.mycolor.splitline.png" />

		<texture id="texture.digitaldarkroom.hue.sliderbkg" type="Stretch" image="bitmap\editwnd\DigitalDarkroom\texture.digitaldarkroom.hue.sliderbkg.png" />

		<imagelist id="imagelist.digitaldarkroom.focusmagic" vertical="0" splitter="1" varyblock="1" image="bitmap\editwnd\DigitalDarkroom\bitmap.digitaldarkroom.focusmagic.png" />
		<bitmap id="bitmap.digitaldarkroom.focusmagic.normal" imagelist="imagelist.digitaldarkroom.focusmagic" index="1" />
		<bitmap id="bitmap.digitaldarkroom.focusmagic.hover" imagelist="imagelist.digitaldarkroom.focusmagic" index="2" />

		<imagelist id="imagelist.digitaldarkroom.colormagic" vertical="0" splitter="1" varyblock="1" image="bitmap\editwnd\DigitalDarkroom\bitmap.digitaldarkroom.colormagic.png" />
		<bitmap id="bitmap.digitaldarkroom.colormagic.normal" imagelist="imagelist.digitaldarkroom.colormagic" index="1" />
		<bitmap id="bitmap.digitaldarkroom.colormagic.hover" imagelist="imagelist.digitaldarkroom.colormagic" index="2" />

		<imagelist id="imagelist.digitaldarkroom.removeredeye" vertical="0" splitter="1" varyblock="1" image="bitmap\editwnd\DigitalDarkroom\bitmap.digitaldarkroom.removeredeye.png" />
		<bitmap id="bitmap.digitaldarkroom.removeredeye.normal" imagelist="imagelist.digitaldarkroom.removeredeye" index="1" />
		<bitmap id="bitmap.digitaldarkroom.removeredeye.hover" imagelist="imagelist.digitaldarkroom.removeredeye" index="2" />

		<imagelist id="imagelist.digitaldarkroom.removestain" vertical="0" splitter="1" varyblock="1" image="bitmap\editwnd\DigitalDarkroom\bitmap.digitaldarkroom.removestain.png" />
		<bitmap id="bitmap.digitaldarkroom.removestain.normal" imagelist="imagelist.digitaldarkroom.removestain" index="1" />
		<bitmap id="bitmap.digitaldarkroom.removestain.hover" imagelist="imagelist.digitaldarkroom.removestain" index="2" />

		<imagelist id="imagelist.digitaldarkroom.move" vertical="0" splitter="1" varyblock="1" image="bitmap\editwnd\DigitalDarkroom\bitmap.digitaldarkroom.move.png" />
		<bitmap id="bitmap.digitaldarkroom.move.normal" imagelist="imagelist.digitaldarkroom.move" index="1" />
		<bitmap id="bitmap.digitaldarkroom.move.hover" imagelist="imagelist.digitaldarkroom.move" index="2" />

		<imagelist id="imagelist.digitaldarkroom.eraser" vertical="0" splitter="1" varyblock="1" image="bitmap\editwnd\DigitalDarkroom\bitmap.digitaldarkroom.eraser.png" />
		<bitmap id="bitmap.digitaldarkroom.eraser.normal" imagelist="imagelist.digitaldarkroom.eraser" index="1" />
		<bitmap id="bitmap.digitaldarkroom.eraser.hover" imagelist="imagelist.digitaldarkroom.eraser" index="2" />

		<imagelist id="imagelist.digitaldarkroom.reset" vertical="0" splitter="1" varyblock="1" image="bitmap\editwnd\DigitalDarkroom\bitmap.digitaldarkroom.reset.png" />
		<bitmap id="bitmap.digitaldarkroom.reset.normal" imagelist="imagelist.digitaldarkroom.reset" index="1" />
		<bitmap id="bitmap.digitaldarkroom.reset.hover" imagelist="imagelist.digitaldarkroom.reset" index="2" />

		<imagelist id="imagelist.digitaldarkroom.tab.bkg" vertical="0" splitter="1" varyblock="1" image="bitmap\editwnd\DigitalDarkroom\texture.digitaldarkroom.tab.bkg.png" />
		<texture id="texture.digitaldarkroom.tab.normal" type="NineInOne" imagelist="imagelist.digitaldarkroom.tab.bkg" index="1" />
		<texture id="texture.digitaldarkroom.tab.hover" type="NineInOne" imagelist="imagelist.digitaldarkroom.tab.bkg" index="2" />
		<texture id="texture.digitaldarkroom.tab.left" type="NineInOne" imagelist="imagelist.digitaldarkroom.tab.bkg" index="3" />

		<imagelist id="imagelist.digitaldarkroom.tab.first.bkg" vertical="0" splitter="1" varyblock="1" image="bitmap\editwnd\DigitalDarkroom\texture.digitaldarkroom.tab.first.bkg.png" />
		<texture id="texture.digitaldarkroom.tab.first.normal" type="NineInOne" imagelist="imagelist.digitaldarkroom.tab.first.bkg" index="1" />
		<texture id="texture.digitaldarkroom.tab.first.hover" type="NineInOne" imagelist="imagelist.digitaldarkroom.tab.first.bkg" index="2" />

		<imagelist id="imagelist.digitaldarkroom.tab.last.bkg" vertical="0" splitter="1" varyblock="1" image="bitmap\editwnd\DigitalDarkroom\texture.digitaldarkroom.tab.last.bkg.png" />
		<texture id="texture.digitaldarkroom.tab.last.normal" type="NineInOne" imagelist="imagelist.digitaldarkroom.tab.last.bkg" index="1" />
		<texture id="texture.digitaldarkroom.tab.last.hover" type="NineInOne" imagelist="imagelist.digitaldarkroom.tab.last.bkg" index="2" />


		<imagelist id="imagelist.digitaldarkroom.vcontrast" vertical="0" splitter="1" varyblock="1" image="bitmap\editwnd\DigitalDarkroom\bitmap.digitaldarkroom.vcontrast.png" />
		<bitmap id="bitmap.digitaldarkroom.vcontrast.normal" imagelist="imagelist.digitaldarkroom.vcontrast" index="1" />
		<bitmap id="bitmap.digitaldarkroom.vcontrast.hover" imagelist="imagelist.digitaldarkroom.vcontrast" index="2" />


		<imagelist id="imagelist.digitaldarkroom.hcontrast" vertical="0" splitter="1" varyblock="1" image="bitmap\editwnd\DigitalDarkroom\bitmap.digitaldarkroom.hcontrast.png" />
		<bitmap id="bitmap.digitaldarkroom.hcontrast.normal" imagelist="imagelist.digitaldarkroom.hcontrast" index="1" />
		<bitmap id="bitmap.digitaldarkroom.hcontrast.hover" imagelist="imagelist.digitaldarkroom.hcontrast" index="2" />


		<imagelist id="imagelist.digitaldarkroom.nocontrast" vertical="0" splitter="1" varyblock="1" image="bitmap\editwnd\DigitalDarkroom\bitmap.digitaldarkroom.nocontrast.png" />
		<bitmap id="bitmap.digitaldarkroom.nocontrast.normal" imagelist="imagelist.digitaldarkroom.nocontrast" index="1" />
		<bitmap id="bitmap.digitaldarkroom.nocontrast.hover" imagelist="imagelist.digitaldarkroom.nocontrast" index="2" />

		<!--色块-->
		<!--黑-->
		<bitmap id="bitmap.digitaldarkroom.icon.black" image="bitmap\editwnd\DigitalDarkroom\bitmap.icon.black.png" />
		<!--红-->
		<bitmap id="bitmap.digitaldarkroom.icon.red" image="bitmap\editwnd\DigitalDarkroom\bitmap.icon.red.png" />
		<!--黄-->
		<bitmap id="bitmap.digitaldarkroom.icon.yellow" image="bitmap\editwnd\DigitalDarkroom\bitmap.icon.yellow.png" />
		<!--白-->
		<bitmap id="bitmap.digitaldarkroom.icon.white" image="bitmap\editwnd\DigitalDarkroom\bitmap.icon.white.png" />
		<!--绿-->
		<bitmap id="bitmap.digitaldarkroom.icon.green" image="bitmap\editwnd\DigitalDarkroom\bitmap.icon.green.png" />
		<!--亮蓝-->
		<bitmap id="bitmap.digitaldarkroom.icon.brightblue" image="bitmap\editwnd\DigitalDarkroom\bitmap.icon.brightblue.png" />
		<!--亮绿-->
		<bitmap id="bitmap.digitaldarkroom.icon.brightgreen" image="bitmap\editwnd\DigitalDarkroom\bitmap.icon.brightgreen.png" />
		<!--紫色-->
		<bitmap id="bitmap.digitaldarkroom.icon.purple" image="bitmap\editwnd\DigitalDarkroom\bitmap.icon.purple.png" />
		<!--朱红-->
		<bitmap id="bitmap.digitaldarkroom.icon.ponceau" image="bitmap\editwnd\DigitalDarkroom\bitmap.icon.ponceau.png" />
		<!--紫红-->
		<bitmap id="bitmap.digitaldarkroom.icon.purplishred" image="bitmap\editwnd\DigitalDarkroom\bitmap.icon.purplishred.png" />
		<!--银色-->
		<bitmap id="bitmap.digitaldarkroom.icon.silvery" image="bitmap\editwnd\DigitalDarkroom\bitmap.icon.silvery.png" />

		<!--海蓝-->
		<bitmap id="bitmap.digitaldarkroom.icon.seablue" image="bitmap\editwnd\DigitalDarkroom\bitmap.icon.seablue.png" />
		<!--橄榄绿-->
		<bitmap id="bitmap.digitaldarkroom.icon.olivegreen" image="bitmap\editwnd\DigitalDarkroom\bitmap.icon.olivegreen.png" />
		<!--灰色-->
		<bitmap id="bitmap.digitaldarkroom.icon.gray" image="bitmap\editwnd\DigitalDarkroom\bitmap.icon.gray.png" />
		<!--蓝色-->
		<bitmap id="bitmap.digitaldarkroom.icon.blue" image="bitmap\editwnd\DigitalDarkroom\bitmap.icon.blue.png" />
		<!--亮青-->
		<bitmap id="bitmap.digitaldarkroom.icon.brightching" image="bitmap\editwnd\DigitalDarkroom\bitmap.icon.brightching.png" />
	
		<!--文字、水印-->
		<imagelist id="imagelist.editwnd.righttab.itemicon.textmark" vertical="0" splitter="1" varyblock="1" image="bitmap\editwnd\bitmap.righttab.itemicon.textmark.png"/>
		<bitmap id="bitmap.editwnd.righttab.itemicon.textmark.normal" imagelist="imagelist.editwnd.righttab.itemicon.textmark" index="1"/>
		<bitmap id="bitmap.editwnd.righttab.itemicon.textmark.hover" imagelist="imagelist.editwnd.righttab.itemicon.textmark" index="2"/>
		<bitmap id="bitmap.editwnd.righttab.itemicon.textmark.down" imagelist="imagelist.editwnd.righttab.itemicon.textmark" index="2"/>
		
		<imagelist id="imagelist.editwnd.righttab.itemicon.imagemark" vertical="0" splitter="1" varyblock="1" image="bitmap\editwnd\bitmap.righttab.itemicon.imagemark.png"/>
		<bitmap id="bitmap.editwnd.righttab.itemicon.imagemark.normal" imagelist="imagelist.editwnd.righttab.itemicon.imagemark" index="1"/>
		<bitmap id="bitmap.editwnd.righttab.itemicon.imagemark.hover" imagelist="imagelist.editwnd.righttab.itemicon.imagemark" index="2"/>
		<bitmap id="bitmap.editwnd.righttab.itemicon.imagemark.down" imagelist="imagelist.editwnd.righttab.itemicon.imagemark" index="2"/>

		<!--一般调整（裁剪，旋转，尺寸）-->
		<texture id="texture.commonadjust.describe.border"  type="NineInOne" image="bitmap\editwnd\texture.commonadjust.describe.border.png" />

		<texture id="texture.commonadjust.resize.commonsize.bkg" type="NineInOne" image="bitmap\editwnd\CommonAdjust\texture.commonadjust.resize.commonsize.bkg.png" />
		<texture id="texture.commonadjust.resize.commonsize.item.bkg" type="NineInOne" image="bitmap\editwnd\CommonAdjust\texture.commonadjust.resize.commonsize.item.bkg.png" />

		<!--旋转-->
		<imagelist id="imagelist.commonadjust.rotate.leftrotate" vertical="0" splitter="1" varyblock="1" image="bitmap\editwnd\CommonAdjust\bitmap.commonadjust.rotate.leftrotate.png" />
		<bitmap id="bitmap.commonadjust.rotate.leftrotate.normal" imagelist="imagelist.commonadjust.rotate.leftrotate" index="1"/>
		<bitmap id="bitmap.commonadjust.rotate.leftrotate.hover" imagelist="imagelist.commonadjust.rotate.leftrotate" index="2"/>

		<imagelist id="imagelist.commonadjust.rotate.rightrotate" vertical="0" splitter="1" varyblock="1" image="bitmap\editwnd\CommonAdjust\bitmap.commonadjust.rotate.rightrotate.png" />
		<bitmap id="bitmap.commonadjust.rotate.rightrotate.normal" imagelist="imagelist.commonadjust.rotate.rightrotate" index="1"/>
		<bitmap id="bitmap.commonadjust.rotate.rightrotate.hover" imagelist="imagelist.commonadjust.rotate.rightrotate" index="2"/>

		<imagelist id="imagelist.commonadjust.rotate.leftrightrevert" vertical="0" splitter="1" varyblock="1" image="bitmap\editwnd\CommonAdjust\bitmap.commonadjust.rotate.leftrightrevert.png" />
		<bitmap id="bitmap.commonadjust.rotate.leftrightrevert.normal" imagelist="imagelist.commonadjust.rotate.leftrightrevert" index="1"/>
		<bitmap id="bitmap.commonadjust.rotate.leftrightrevert.hover" imagelist="imagelist.commonadjust.rotate.leftrightrevert" index="2"/>

		<imagelist id="imagelist.commonadjust.rotate.topbottomrevert" vertical="0" splitter="1" varyblock="1" image="bitmap\editwnd\CommonAdjust\bitmap.commonadjust.rotate.topbottomrevert.png" />
		<bitmap id="bitmap.commonadjust.rotate.topbottomrevert.normal" imagelist="imagelist.commonadjust.rotate.topbottomrevert" index="1"/>
		<bitmap id="bitmap.commonadjust.rotate.topbottomrevert.hover" imagelist="imagelist.commonadjust.rotate.topbottomrevert" index="2"/>

		<imagelist id="imagelist.commonadjust.rotate.buttonbkg" vertical="0" splitter="1" varyblock="1" image="bitmap\Control\general.btn.status.bkg.png" />
		<texture id="texture.commonadjust.rotate.buttonbkg.normal" type="NineInOne" imagelist="imagelist.commonadjust.rotate.buttonbkg" index="1"/>
		<texture id="texture.commonadjust.rotate.buttonbkg.hover" type="NineInOne" imagelist="imagelist.commonadjust.rotate.buttonbkg" index="2"/>
		<texture id="texture.commonadjust.rotate.buttonbkg.down" type="NineInOne" imagelist="imagelist.commonadjust.rotate.buttonbkg" index="3"/>

		<!--裁剪-->
		<imagelist id="imagelist.texture.commonadjust.clip.commonpercent.bkg" vertical="0" splitter="1" varyblock="1" image="bitmap\Control\bitmap.jigsaw.button.bkg.png"/>
		<texture id="texture.commonadjust.clip.commonpercent.bkg.normal" type="NineInOne" imagelist="imagelist.texture.commonadjust.clip.commonpercent.bkg" index="1" />
		<texture id="texture.commonadjust.clip.commonpercent.bkg.hover" type="NineInOne" imagelist="imagelist.texture.commonadjust.clip.commonpercent.bkg" index="2" />
		<texture id="texture.commonadjust.clip.commonpercent.bkg.down" type="NineInOne" imagelist="imagelist.texture.commonadjust.clip.commonpercent.bkg" index="3" />
		<texture id="texture.commonadjust.clip.commonpercent.bkg.focus" type="NineInOne" imagelist="imagelist.texture.commonadjust.clip.commonpercent.bkg" index="4" />
		<texture id="texture.commonadjust.clip.commonpercent.bkg.disable" type="NineInOne" imagelist="imagelist.texture.commonadjust.clip.commonpercent.bkg" index="1" />
		
		<imagelist id="imagelist.bitmap.commonadjust.clip.commonpercent.arrow" vertical="0" splitter="1" varyblock="1" image="bitmap\editwnd\CommonAdjust\bitmap.commonadjust.clip.commonpercent.arrow.png"/>
		<bitmap id="bitmap.commonadjust.clip.commonpercent.arrow.normal" imagelist="imagelist.bitmap.commonadjust.clip.commonpercent.arrow" index="1" />
		<bitmap id="bitmap.commonadjust.clip.commonpercent.arrow.hover" imagelist="imagelist.bitmap.commonadjust.clip.commonpercent.arrow" index="2" />
		<bitmap id="bitmap.commonadjust.clip.commonpercent.arrow.down" imagelist="imagelist.bitmap.commonadjust.clip.commonpercent.arrow" index="3" />
		<bitmap id="bitmap.commonadjust.clip.commonpercent.arrow.disable" imagelist="imagelist.bitmap.commonadjust.clip.commonpercent.arrow" index="4" />

		<bitmap id="bitmap.commonadjust.clip.radius.reduce" image="bitmap\editwnd\CommonAdjust\bitmap.commonadjust.clip.radius.reduce.png" />
		<bitmap id="bitmap.commonadjust.clip.radius.add" image="bitmap\editwnd\CommonAdjust\bitmap.commonadjust.clip.radius.add.png" />

		<!--水印设置面板-->
		
		<imagelist id="imagelist.texture.imagelayeredit.history.imagenum.1" vertical="0" splitter="1" varyblock="1" image="bitmap\editwnd\LayerEdit\texture.imagelayeredit.history.imagenum.1.png"/>
		<texture id="texture.imagelayeredit.history.imagenum.1.normal" type="Stretch" imagelist="imagelist.texture.imagelayeredit.history.imagenum.1" index="1" />
		<texture id="texture.imagelayeredit.history.imagenum.1.hover" type="Stretch" imagelist="imagelist.texture.imagelayeredit.history.imagenum.1" index="2" />
		<texture id="texture.imagelayeredit.history.imagenum.1.down" type="Stretch" imagelist="imagelist.texture.imagelayeredit.history.imagenum.1" index="3" />

		<imagelist id="imagelist.texture.imagelayeredit.history.imagenum.2" vertical="0" splitter="1" varyblock="1" image="bitmap\editwnd\LayerEdit\texture.imagelayeredit.history.imagenum.2.png"/>
		<texture id="texture.imagelayeredit.history.imagenum.2.normal" type="Stretch" imagelist="imagelist.texture.imagelayeredit.history.imagenum.2" index="1" />
		<texture id="texture.imagelayeredit.history.imagenum.2.hover" type="Stretch" imagelist="imagelist.texture.imagelayeredit.history.imagenum.2" index="2" />
		<texture id="texture.imagelayeredit.history.imagenum.2.down" type="Stretch" imagelist="imagelist.texture.imagelayeredit.history.imagenum.2" index="3" />

		<imagelist id="imagelist.texture.imagelayeredit.history.imagenum.3" vertical="0" splitter="1" varyblock="1" image="bitmap\editwnd\LayerEdit\texture.imagelayeredit.history.imagenum.3.png"/>
		<texture id="texture.imagelayeredit.history.imagenum.3.normal" type="Stretch" imagelist="imagelist.texture.imagelayeredit.history.imagenum.3" index="1" />
		<texture id="texture.imagelayeredit.history.imagenum.3.hover" type="Stretch" imagelist="imagelist.texture.imagelayeredit.history.imagenum.3" index="2" />
		<texture id="texture.imagelayeredit.history.imagenum.3.down" type="Stretch" imagelist="imagelist.texture.imagelayeredit.history.imagenum.3" index="3" />

		<imagelist id="imagelist.texture.imagelayeredit.history.imagenum.4" vertical="0" splitter="1" varyblock="1" image="bitmap\editwnd\LayerEdit\texture.imagelayeredit.history.imagenum.4.png"/>
		<texture id="texture.imagelayeredit.history.imagenum.4.normal" type="Stretch" imagelist="imagelist.texture.imagelayeredit.history.imagenum.4" index="1" />
		<texture id="texture.imagelayeredit.history.imagenum.4.hover" type="Stretch" imagelist="imagelist.texture.imagelayeredit.history.imagenum.4" index="2" />
		<texture id="texture.imagelayeredit.history.imagenum.4.down" type="Stretch" imagelist="imagelist.texture.imagelayeredit.history.imagenum.4" index="3" />

		<imagelist id="imagelist.texture.imagelayeredit.history.imagenum.5" vertical="0" splitter="1" varyblock="1" image="bitmap\editwnd\LayerEdit\texture.imagelayeredit.history.imagenum.5.png"/>
		<texture id="texture.imagelayeredit.history.imagenum.5.normal" type="Stretch" imagelist="imagelist.texture.imagelayeredit.history.imagenum.5" index="1" />
		<texture id="texture.imagelayeredit.history.imagenum.5.hover" type="Stretch" imagelist="imagelist.texture.imagelayeredit.history.imagenum.5" index="2" />
		<texture id="texture.imagelayeredit.history.imagenum.5.down" type="Stretch" imagelist="imagelist.texture.imagelayeredit.history.imagenum.5" index="3" />

		<imagelist id="imagelist.texture.textlayer.addlayer.icon" vertical="0" splitter="1" varyblock="1" image="bitmap\Control\texture.textlayer.addlayer.icon.png"/>
		<texture id="texture.textlayer.addlayer.icon.normal" type="Stretch" imagelist="imagelist.texture.textlayer.addlayer.icon" index="1" />
		<texture id="texture.textlayer.addlayer.icon.hover" type="Stretch" imagelist="imagelist.texture.textlayer.addlayer.icon" index="2" />
		<texture id="texture.textlayer.addlayer.icon.down" type="Stretch" imagelist="imagelist.texture.textlayer.addlayer.icon" index="3" />
		
		<imagelist id="imagelist.texture.textlayer.addlayer.text" vertical="0" splitter="1" varyblock="1" image="bitmap\Control\texture.textlayer.addlayer.text.png"/>
		<texture id="texture.textlayer.addlayer.text.normal" type="NineInOne" imagelist="imagelist.texture.textlayer.addlayer.text" index="1" />
		<texture id="texture.textlayer.addlayer.text.hover" type="NineInOne" imagelist="imagelist.texture.textlayer.addlayer.text" index="2" />
		<texture id="texture.textlayer.addlayer.text.down" type="NineInOne" imagelist="imagelist.texture.textlayer.addlayer.text" index="3" />

		
		
		<imagelist id="imagelist.texture.textlayer.addtexttemplate.arrow.up" vertical="0" splitter="1" varyblock="1" image="bitmap\editwnd\LayerEdit\texture.textlayer.addtexttemplate.arrow.up.png"/>
		<texture id="texture.textlayer.addtexttemplate.arrow.up.normal" type="Stretch" imagelist="imagelist.texture.textlayer.addtexttemplate.arrow.up" index="1" />
		<texture id="texture.textlayer.addtexttemplate.arrow.up.hover" type="Stretch" imagelist="imagelist.texture.textlayer.addtexttemplate.arrow.up" index="2" />
		<texture id="texture.textlayer.addtexttemplate.arrow.up.down" type="Stretch" imagelist="imagelist.texture.textlayer.addtexttemplate.arrow.up" index="3" />
		<texture id="texture.textlayer.addtexttemplate.arrow.up.disable" type="Stretch" imagelist="imagelist.texture.textlayer.addtexttemplate.arrow.up" index="4" />

		<imagelist id="imagelist.texture.textlayer.addtexttemplate.arrow.down" vertical="0" splitter="1" varyblock="1" image="bitmap\editwnd\LayerEdit\texture.textlayer.addtexttemplate.arrow.down.png"/>
		<texture id="texture.textlayer.addtexttemplate.arrow.down.normal" type="Stretch" imagelist="imagelist.texture.textlayer.addtexttemplate.arrow.down" index="1" />
		<texture id="texture.textlayer.addtexttemplate.arrow.down.hover" type="Stretch" imagelist="imagelist.texture.textlayer.addtexttemplate.arrow.down" index="2" />
		<texture id="texture.textlayer.addtexttemplate.arrow.down.down" type="Stretch" imagelist="imagelist.texture.textlayer.addtexttemplate.arrow.down" index="3" />
		<texture id="texture.textlayer.addtexttemplate.arrow.down.disable" type="Stretch" imagelist="imagelist.texture.textlayer.addtexttemplate.arrow.down" index="4" />

		<imagelist id="imagelist.texture.textlayer.edit.bkg" vertical="0" splitter="1" varyblock="1" image="bitmap\editwnd\LayerEdit\texture.textlayer.edit.bkg.png"/>
		<texture id="texture.textlayer.edit.bkg.normal" type="NineInOne" imagelist="imagelist.texture.textlayer.edit.bkg" index="2" />
		<texture id="texture.textlayer.edit.bkg.disable" type="NineInOne" imagelist="imagelist.texture.textlayer.edit.bkg" index="1" />

		<texture id="texture.textlayer.edit.bkg.black" type="NineInOne" image="bitmap\editwnd\LayerEdit\texture.textlayer.edit.bkg.black.png"/>

		<imagelist id="imagelist.texture.textlayer.color.border" vertical="0" splitter="1" varyblock="1" image="bitmap\editwnd\LayerEdit\texture.textlayer.color.border.png"/>
		<texture id="texture.textlayer.color.border.normal" type="NineInOne" imagelist="imagelist.texture.textlayer.color.border" index="1" />
		<texture id="texture.textlayer.color.border.hover" type="NineInOne" imagelist="imagelist.texture.textlayer.color.border" index="2" />

		<texture id="texture.textlayer.color.blackborder" type="NineInOne" image="bitmap\editwnd\LayerEdit\texture.textlayer.color.blackborder.png"/>

		<imagelist id="imagelist.texture.textlayer.bold" vertical="0" splitter="1" varyblock="1" image="bitmap\editwnd\LayerEdit\texture.textlayer.bold.png"/>
		<texture id="texture.textlayer.bold.normal" type="Stretch" imagelist="imagelist.texture.textlayer.bold" index="1" />
		<texture id="texture.textlayer.bold.hover" type="Stretch" imagelist="imagelist.texture.textlayer.bold" index="2" />
		<texture id="texture.textlayer.bold.down" type="Stretch" imagelist="imagelist.texture.textlayer.bold" index="3" />
		<texture id="texture.textlayer.bold.disable" type="Stretch" imagelist="imagelist.texture.textlayer.bold" index="4" />

		<imagelist id="imagelist.texture.textlayer.italic" vertical="0" splitter="1" varyblock="1" image="bitmap\editwnd\LayerEdit\texture.textlayer.italic.png"/>
		<texture id="texture.textlayer.italic.normal" type="Stretch" imagelist="imagelist.texture.textlayer.italic" index="1" />
		<texture id="texture.textlayer.italic.hover" type="Stretch" imagelist="imagelist.texture.textlayer.italic" index="2" />
		<texture id="texture.textlayer.italic.down" type="Stretch" imagelist="imagelist.texture.textlayer.italic" index="3" />
		<texture id="texture.textlayer.italic.disable" type="Stretch" imagelist="imagelist.texture.textlayer.italic" index="4" />

		<imagelist id="imagelist.texture.textlayer.underline" vertical="0" splitter="1" varyblock="1" image="bitmap\editwnd\LayerEdit\texture.textlayer.underline.png"/>
		<texture id="texture.textlayer.underline.normal" type="Stretch" imagelist="imagelist.texture.textlayer.underline" index="1" />
		<texture id="texture.textlayer.underline.hover" type="Stretch" imagelist="imagelist.texture.textlayer.underline" index="2" />
		<texture id="texture.textlayer.underline.down" type="Stretch" imagelist="imagelist.texture.textlayer.underline" index="3" />
		<texture id="texture.textlayer.underline.disable" type="Stretch" imagelist="imagelist.texture.textlayer.underline" index="4" />

		<imagelist id="imagelist.texture.textlayer.align.left" vertical="0" splitter="1" varyblock="1" image="bitmap\editwnd\LayerEdit\texture.textlayer.align.left.png"/>
		<texture id="texture.textlayer.align.left.normal" type="Stretch" imagelist="imagelist.texture.textlayer.align.left" index="1" />
		<texture id="texture.textlayer.align.left.hover" type="Stretch" imagelist="imagelist.texture.textlayer.align.left" index="2" />
		<texture id="texture.textlayer.align.left.down" type="Stretch" imagelist="imagelist.texture.textlayer.align.left" index="3" />
		<texture id="texture.textlayer.align.left.disable" type="Stretch" imagelist="imagelist.texture.textlayer.align.left" index="4" />

		<imagelist id="imagelist.texture.textlayer.align.center" vertical="0" splitter="1" varyblock="1" image="bitmap\editwnd\LayerEdit\texture.textlayer.align.center.png"/>
		<texture id="texture.textlayer.align.center.normal" type="Stretch" imagelist="imagelist.texture.textlayer.align.center" index="1" />
		<texture id="texture.textlayer.align.center.hover" type="Stretch" imagelist="imagelist.texture.textlayer.align.center" index="2" />
		<texture id="texture.textlayer.align.center.down" type="Stretch" imagelist="imagelist.texture.textlayer.align.center" index="3" />
		<texture id="texture.textlayer.align.center.disable" type="Stretch" imagelist="imagelist.texture.textlayer.align.center" index="4" />

		<imagelist id="imagelist.texture.textlayer.align.right" vertical="0" splitter="1" varyblock="1" image="bitmap\editwnd\LayerEdit\texture.textlayer.align.right.png"/>
		<texture id="texture.textlayer.align.right.normal" type="Stretch" imagelist="imagelist.texture.textlayer.align.right" index="1" />
		<texture id="texture.textlayer.align.right.hover" type="Stretch" imagelist="imagelist.texture.textlayer.align.right" index="2" />
		<texture id="texture.textlayer.align.right.down" type="Stretch" imagelist="imagelist.texture.textlayer.align.right" index="3" />
		<texture id="texture.textlayer.align.right.disable" type="Stretch" imagelist="imagelist.texture.textlayer.align.right" index="4" />

		<imagelist id="imagelist.texture.textlayer.align.top" vertical="0" splitter="1" varyblock="1" image="bitmap\editwnd\LayerEdit\texture.textlayer.align.top.png"/>
		<texture id="texture.textlayer.align.top.normal" type="Stretch" imagelist="imagelist.texture.textlayer.align.top" index="1" />
		<texture id="texture.textlayer.align.top.hover" type="Stretch" imagelist="imagelist.texture.textlayer.align.top" index="2" />
		<texture id="texture.textlayer.align.top.down" type="Stretch" imagelist="imagelist.texture.textlayer.align.top" index="3" />
		<texture id="texture.textlayer.align.top.disable" type="Stretch" imagelist="imagelist.texture.textlayer.align.top" index="4" />

		<imagelist id="imagelist.texture.textlayer.align.vcenter" vertical="0" splitter="1" varyblock="1" image="bitmap\editwnd\LayerEdit\texture.textlayer.align.vcenter.png"/>
		<texture id="texture.textlayer.align.vcenter.normal" type="Stretch" imagelist="imagelist.texture.textlayer.align.vcenter" index="1" />
		<texture id="texture.textlayer.align.vcenter.hover" type="Stretch" imagelist="imagelist.texture.textlayer.align.vcenter" index="2" />
		<texture id="texture.textlayer.align.vcenter.down" type="Stretch" imagelist="imagelist.texture.textlayer.align.vcenter" index="3" />
		<texture id="texture.textlayer.align.vcenter.disable" type="Stretch" imagelist="imagelist.texture.textlayer.align.vcenter" index="4" />

		<imagelist id="imagelist.texture.textlayer.align.bottom" vertical="0" splitter="1" varyblock="1" image="bitmap\editwnd\LayerEdit\texture.textlayer.align.bottom.png"/>
		<texture id="texture.textlayer.align.bottom.normal" type="Stretch" imagelist="imagelist.texture.textlayer.align.bottom" index="1" />
		<texture id="texture.textlayer.align.bottom.hover" type="Stretch" imagelist="imagelist.texture.textlayer.align.bottom" index="2" />
		<texture id="texture.textlayer.align.bottom.down" type="Stretch" imagelist="imagelist.texture.textlayer.align.bottom" index="3" />
		<texture id="texture.textlayer.align.bottom.disable" type="Stretch" imagelist="imagelist.texture.textlayer.align.bottom" index="4" />

		<imagelist id="imagelist.texture.textlayer.textlayout.h" vertical="0" splitter="1" varyblock="1" image="bitmap\editwnd\LayerEdit\texture.textlayer.textlayout.h.png"/>
		<texture id="texture.textlayer.textlayout.h.normal" type="Stretch" imagelist="imagelist.texture.textlayer.textlayout.h" index="1" />
		<texture id="texture.textlayer.textlayout.h.hover" type="Stretch" imagelist="imagelist.texture.textlayer.textlayout.h" index="2" />
		<texture id="texture.textlayer.textlayout.h.down" type="Stretch" imagelist="imagelist.texture.textlayer.textlayout.h" index="3" />
		<texture id="texture.textlayer.textlayout.h.disable" type="Stretch" imagelist="imagelist.texture.textlayer.textlayout.h" index="4" />

		<imagelist id="imagelist.texture.textlayer.textlayout.v" vertical="0" splitter="1" varyblock="1" image="bitmap\editwnd\LayerEdit\texture.textlayer.textlayout.v.png"/>
		<texture id="texture.textlayer.textlayout.v.normal" type="Stretch" imagelist="imagelist.texture.textlayer.textlayout.v" index="1" />
		<texture id="texture.textlayer.textlayout.v.hover" type="Stretch" imagelist="imagelist.texture.textlayer.textlayout.v" index="2" />
		<texture id="texture.textlayer.textlayout.v.down" type="Stretch" imagelist="imagelist.texture.textlayer.textlayout.v" index="3" />
		<texture id="texture.textlayer.textlayout.v.disable" type="Stretch" imagelist="imagelist.texture.textlayer.textlayout.v" index="4" />

		<imagelist id="imagelist.texture.textlayer.arrow.down" vertical="0" splitter="1" varyblock="1" image="bitmap\editwnd\LayerEdit\texture.textlayer.arrow.down.png"/>
		<texture id="texture.textlayer.arrow.down.normal" type="Stretch" imagelist="imagelist.texture.textlayer.arrow.down" index="1" />
		<texture id="texture.textlayer.arrow.down.hover" type="Stretch" imagelist="imagelist.texture.textlayer.arrow.down" index="2" />
		<texture id="texture.textlayer.arrow.down.down" type="Stretch" imagelist="imagelist.texture.textlayer.arrow.down" index="3" />

		<imagelist id="imagelist.texture.textlayer.arrow.up" vertical="0" splitter="1" varyblock="1" image="bitmap\editwnd\LayerEdit\texture.textlayer.arrow.up.png"/>
		<texture id="texture.textlayer.arrow.up.normal" type="Stretch" imagelist="imagelist.texture.textlayer.arrow.up" index="1" />
		<texture id="texture.textlayer.arrow.up.hover" type="Stretch" imagelist="imagelist.texture.textlayer.arrow.up" index="2" />
		<texture id="texture.textlayer.arrow.up.down" type="Stretch" imagelist="imagelist.texture.textlayer.arrow.up" index="3" />

		<texture id="texture.textlayer.managetexttemplate.itemlayout.bkg" type="NineInOne" image="bitmap\editwnd\LayerEdit\texture.textlayer.managetexttemplate.itemlayout.bkg.png" />
		<texture id="texture.textlayer.managetexttemplate.itembkg" type="NineInOne" image="bitmap\editwnd\LayerEdit\texture.textlayer.managetexttemplate.itembkg.png" />



		<!--工具栏-->
		<imagelist id="imagelist.editwnd.toolbar.triangle" vertical="0" splitter="1" varyblock="1" image="bitmap\editwnd\texture.toolbar.triangle.png"/>
		<texture id="texture.editwnd.toolbar.triangle.normal" type="Stretch" imagelist="imagelist.editwnd.toolbar.triangle" index="1" />
		<texture id="texture.editwnd.toolbar.triangle.hover" type="Stretch" imagelist="imagelist.editwnd.toolbar.triangle" index="2" />
		<texture id="texture.editwnd.toolbar.triangle.down" type="Stretch" imagelist="imagelist.editwnd.toolbar.triangle" index="3" />

		<imagelist id="imageList.editwnd.toolbar.btn" vertical="0" splitter="1" varyblock="1" image="bitmap\editwnd\texture.toolbar.btn.bkg.png"/>
		<texture id="texture.editwnd.toolbar.btn.normal" type="NineInOne" imagelist="imageList.editwnd.toolbar.btn" index="2" />
		<texture id="texture.editwnd.toolbar.btn.hover" type="NineInOne" imagelist="imageList.editwnd.toolbar.btn" index="2" />
		<texture id="texture.editwnd.toolbar.btn.down" type="NineInOne" imagelist="imageList.editwnd.toolbar.btn" index="1" />
		<texture id="texture.editwnd.toolbar.btn.disable" type="NineInOne" imagelist="imageList.editwnd.toolbar.btn" index="2" />

		<!--打开-->
		<imagelist id="imagelist.editwnd.toolbar.icon.open" vertical="0" splitter="1" varyblock="1" image="bitmap\editwnd\bitmap.toolbar.icon.open.png"/>
		<bitmap id="bitmap.editwnd.toolbar.icon.open.normal" imagelist="imagelist.editwnd.toolbar.icon.open" index="1"/>
		<bitmap id="bitmap.editwnd.toolbar.icon.open.hover" imagelist="imagelist.editwnd.toolbar.icon.open" index="2"/>

		<!--保存-->
		<imagelist id="imagelist.editwnd.toolbar.icon.save" vertical="0" splitter="1" varyblock="1" image="bitmap\editwnd\bitmap.toolbar.icon.save.png"/>
		<bitmap id="bitmap.editwnd.toolbar.icon.save.normal" imagelist="imagelist.editwnd.toolbar.icon.save" index="1"/>
		<bitmap id="bitmap.editwnd.toolbar.icon.save.hover" imagelist="imagelist.editwnd.toolbar.icon.save" index="2"/>

		<!--另存-->
		<imagelist id="imagelist.editwnd.toolbar.icon.saveas" vertical="0" splitter="1" varyblock="1" image="bitmap\editwnd\bitmap.toolbar.icon.saveas.png"/>
		<bitmap id="bitmap.editwnd.toolbar.icon.saveas.normal" imagelist="imagelist.editwnd.toolbar.icon.saveas" index="1"/>
		<bitmap id="bitmap.editwnd.toolbar.icon.saveas.hover" imagelist="imagelist.editwnd.toolbar.icon.saveas" index="2"/>

		<!--分享-->
		<imagelist id="imagelist.editwnd.toolbar.icon.share" vertical="0" splitter="1" varyblock="1" image="bitmap\editwnd\bitmap.toolbar.icon.share.png"/>
		<bitmap id="bitmap.editwnd.toolbar.icon.share.normal" imagelist="imagelist.editwnd.toolbar.icon.share" index="1"/>
		<bitmap id="bitmap.editwnd.toolbar.icon.share.hover" imagelist="imagelist.editwnd.toolbar.icon.share" index="2"/>
		
		<!--保存模版-->
		<imagelist id="imagelist.editwnd.toolbar.icon.saveaction" vertical="0" splitter="1" varyblock="1" image="bitmap\editwnd\bitmap.toolbar.icon.saveaction.png"/>
		<bitmap id="bitmap.editwnd.toolbar.icon.saveaction.normal" imagelist="imagelist.editwnd.toolbar.icon.saveaction" index="1"/>
		<bitmap id="bitmap.editwnd.toolbar.icon.saveaction.hover" imagelist="imagelist.editwnd.toolbar.icon.saveaction" index="2"/>
		<bitmap id="bitmap.editwnd.toolbar.icon.saveaction.disable" imagelist="imagelist.editwnd.toolbar.icon.saveaction" index="3"/>
		
		<!--模版管理-->
		<imagelist id="imagelist.editwnd.toolbar.icon.actionmgr" vertical="0" splitter="1" varyblock="1" image="bitmap\editwnd\bitmap.toolbar.icon.actionmgr.png"/>
		<bitmap id="bitmap.editwnd.toolbar.icon.actionmgr.normal" imagelist="imagelist.editwnd.toolbar.icon.actionmgr" index="1"/>
		<bitmap id="bitmap.editwnd.toolbar.icon.actionmgr.hover" imagelist="imagelist.editwnd.toolbar.icon.actionmgr" index="2"/>
		
		
		<bitmap id="bitmap.subtoolbar.spliter.vertical" image="bitmap\editwnd\bitmap.subtoolbar.spliter.vertical.png" />
		
		<!--撤销-->
		<imagelist id="imagelist.editwnd.toolbar.icon.undo" vertical="0" splitter="1" varyblock="1" image="bitmap\editwnd\bitmap.toolbar.icon.undo.png"/>
		<bitmap id="bitmap.editwnd.toolbar.icon.undo.normal" imagelist="imagelist.editwnd.toolbar.icon.undo" index="1"/>
		<bitmap id="bitmap.editwnd.toolbar.icon.undo.hover" imagelist="imagelist.editwnd.toolbar.icon.undo" index="2"/>
		<bitmap id="bitmap.editwnd.toolbar.icon.undo.disable" imagelist="imagelist.editwnd.toolbar.icon.undo" index="3"/>

		<!--重做-->
		<imagelist id="imagelist.editwnd.toolbar.icon.redo" vertical="0" splitter="1" varyblock="1" image="bitmap\editwnd\bitmap.toolbar.icon.redo.png"/>
		<bitmap id="bitmap.editwnd.toolbar.icon.redo.normal" imagelist="imagelist.editwnd.toolbar.icon.redo" index="1"/>
		<bitmap id="bitmap.editwnd.toolbar.icon.redo.hover" imagelist="imagelist.editwnd.toolbar.icon.redo" index="2"/>
		<bitmap id="bitmap.editwnd.toolbar.icon.redo.disable" imagelist="imagelist.editwnd.toolbar.icon.redo" index="3"/>

		<!--还原-->
		<imagelist id="imagelist.editwnd.toolbar.icon.reset" vertical="0" splitter="1" varyblock="1" image="bitmap\editwnd\bitmap.toolbar.icon.reset.png"/>
		<bitmap id="bitmap.editwnd.toolbar.icon.reset.normal" imagelist="imagelist.editwnd.toolbar.icon.reset" index="1"/>
		<bitmap id="bitmap.editwnd.toolbar.icon.reset.hover" imagelist="imagelist.editwnd.toolbar.icon.reset" index="2"/>
		<bitmap id="bitmap.editwnd.toolbar.icon.reset.disable" imagelist="imagelist.editwnd.toolbar.icon.reset" index="3"/>

		<!--裁剪-->
		<imagelist id="imagelist.editwnd.toolbar.icon.clip" vertical="0" splitter="1" varyblock="1" image="bitmap\editwnd\bitmap.toolbar.icon.clip.png"/>
		<bitmap id="bitmap.editwnd.toolbar.icon.clip.normal" imagelist="imagelist.editwnd.toolbar.icon.clip" index="1"/>
		<bitmap id="bitmap.editwnd.toolbar.icon.clip.hover" imagelist="imagelist.editwnd.toolbar.icon.clip" index="2"/>

		<!--旋转-->
		<imagelist id="imagelist.editwnd.toolbar.icon.rotate" vertical="0" splitter="1" varyblock="1" image="bitmap\editwnd\bitmap.toolbar.icon.rotate.png"/>
		<bitmap id="bitmap.editwnd.toolbar.icon.rotate.normal" imagelist="imagelist.editwnd.toolbar.icon.rotate" index="1"/>
		<bitmap id="bitmap.editwnd.toolbar.icon.rotate.hover" imagelist="imagelist.editwnd.toolbar.icon.rotate" index="2"/>
		
		<!--模版-->
		<imagelist id="imagelist.editwnd.toolbar.icon.action" vertical="0" splitter="1" varyblock="1" image="bitmap\editwnd\bitmap.toolbar.icon.action.png"/>
		<bitmap id="bitmap.editwnd.toolbar.icon.action.normal" imagelist="imagelist.editwnd.toolbar.icon.action" index="1"/>
		<bitmap id="bitmap.editwnd.toolbar.icon.action.hover" imagelist="imagelist.editwnd.toolbar.icon.action" index="2"/>
		
		<!--模版-->
		<imagelist id="imagelist.editwnd.toolbar.icon.bmz" vertical="0" splitter="1" varyblock="1" image="bitmap\editwnd\bitmap.toolbar.icon.bmz.png"/>
		<bitmap id="bitmap.editwnd.toolbar.icon.bmz.normal" imagelist="imagelist.editwnd.toolbar.icon.bmz" index="1"/>
		<bitmap id="bitmap.editwnd.toolbar.icon.bmz.hover" imagelist="imagelist.editwnd.toolbar.icon.bmz" index="2"/>
		
		<imagelist id="imagelist.editwnd.toolbar.icon.leftrotate" vertical="0" splitter="1" varyblock="1" image="bitmap\editwnd\bitmap.toolbar.icon.leftrotate.png"/>
		<bitmap id="bitmap.editwnd.toolbar.icon.leftrotate.normal" imagelist="imagelist.editwnd.toolbar.icon.leftrotate" index="1"/>
		<bitmap id="bitmap.editwnd.toolbar.icon.leftrotate.hover" imagelist="imagelist.editwnd.toolbar.icon.leftrotate" index="2"/>

		<imagelist id="imagelist.editwnd.toolbar.icon.rightrotate" vertical="0" splitter="1" varyblock="1" image="bitmap\editwnd\bitmap.toolbar.icon.rightrotate.png"/>
		<bitmap id="bitmap.editwnd.toolbar.icon.rightrotate.normal" imagelist="imagelist.editwnd.toolbar.icon.rightrotate" index="1"/>
		<bitmap id="bitmap.editwnd.toolbar.icon.rightrotate.hover" imagelist="imagelist.editwnd.toolbar.icon.rightrotate" index="2"/>

		<imagelist id="imagelist.editwnd.toolbar.icon.leftrightrotate" vertical="0" splitter="1" varyblock="1" image="bitmap\editwnd\bitmap.toolbar.icon.leftrightrotate.png"/>
		<bitmap id="bitmap.editwnd.toolbar.icon.leftrightrotate.normal" imagelist="imagelist.editwnd.toolbar.icon.leftrightrotate" index="1"/>
		<bitmap id="bitmap.editwnd.toolbar.icon.leftrightrotate.hover" imagelist="imagelist.editwnd.toolbar.icon.leftrightrotate" index="2"/>

		<imagelist id="imagelist.editwnd.toolbar.icon.topbottomrotate" vertical="0" splitter="1" varyblock="1" image="bitmap\editwnd\bitmap.toolbar.icon.topbottomrotate.png"/>
		<bitmap id="bitmap.editwnd.toolbar.icon.topbottomrotate.normal" imagelist="imagelist.editwnd.toolbar.icon.topbottomrotate" index="1"/>
		<bitmap id="bitmap.editwnd.toolbar.icon.topbottomrotate.hover" imagelist="imagelist.editwnd.toolbar.icon.topbottomrotate" index="2"/>

		<!--尺寸-->
		<imagelist id="imagelist.editwnd.toolbar.icon.resize" vertical="0" splitter="1" varyblock="1" image="bitmap\editwnd\bitmap.toolbar.icon.resize.png"/>
		<bitmap id="bitmap.editwnd.toolbar.icon.resize.normal" imagelist="imagelist.editwnd.toolbar.icon.resize" index="1"/>
		<bitmap id="bitmap.editwnd.toolbar.icon.resize.hover" imagelist="imagelist.editwnd.toolbar.icon.resize" index="2"/>

		<!--水印-->
		<imagelist id="imagelist.editwnd.toolbar.icon.shuiyin" vertical="0" splitter="1" varyblock="1" image="bitmap\editwnd\bitmap.toolbar.icon.shuiyin.png"/>
		<bitmap id="bitmap.editwnd.toolbar.icon.shuiyin.normal" imagelist="imagelist.editwnd.toolbar.icon.shuiyin" index="1"/>
		<bitmap id="bitmap.editwnd.toolbar.icon.shuiyin.hover" imagelist="imagelist.editwnd.toolbar.icon.shuiyin" index="2"/>

		<!--文字-->
		<imagelist id="imagelist.editwnd.toolbar.icon.script" vertical="0" splitter="1" varyblock="1" image="bitmap\editwnd\bitmap.toolbar.icon.script.png"/>
		<bitmap id="bitmap.editwnd.toolbar.icon.script.normal" imagelist="imagelist.editwnd.toolbar.icon.script" index="1"/>
		<bitmap id="bitmap.editwnd.toolbar.icon.script.hover" imagelist="imagelist.editwnd.toolbar.icon.script" index="2"/>

		<!--抠图-->
		<imagelist id="imagelist.editwnd.toolbar.icon.cutout" vertical="0" splitter="1" varyblock="1" image="bitmap\editwnd\bitmap.toolbar.icon.cutout.png"/>
		<bitmap id="bitmap.editwnd.toolbar.icon.cutout.normal" imagelist="imagelist.editwnd.toolbar.icon.cutout" index="1"/>
		<bitmap id="bitmap.editwnd.toolbar.icon.cutout.hover" imagelist="imagelist.editwnd.toolbar.icon.cutout" index="2"/>

		<!--更多-->
		<imagelist id="imagelist.editwnd.toolbar.icon.more" vertical="0" splitter="1" varyblock="1" image="bitmap\editwnd\bitmap.toolbar.icon.more.png"/>
		<bitmap id="bitmap.editwnd.toolbar.icon.more.normal" imagelist="imagelist.editwnd.toolbar.icon.more" index="1"/>
		<bitmap id="bitmap.editwnd.toolbar.icon.more.hover" imagelist="imagelist.editwnd.toolbar.icon.more" index="2"/>

		<!--拼图-->
		<imagelist id="imagelist.editwnd.toolbar.icon.jigsaw" vertical="0" splitter="1" varyblock="1" image="bitmap\editwnd\bitmap.toolbar.icon.jigsaw.png"/>
		<bitmap id="bitmap.editwnd.toolbar.icon.jigsaw.normal" imagelist="imagelist.editwnd.toolbar.icon.jigsaw" index="1"/>
		<bitmap id="bitmap.editwnd.toolbar.icon.jigsaw.hover" imagelist="imagelist.editwnd.toolbar.icon.jigsaw" index="2"/>

		<!--边框-->
		<imagelist id="imagelist.editwnd.toolbar.icon.frame" vertical="0" splitter="1" varyblock="1" image="bitmap\editwnd\bitmap.toolbar.icon.frame.png"/>
		<bitmap id="bitmap.editwnd.toolbar.icon.frame.normal" imagelist="imagelist.editwnd.toolbar.icon.frame" index="1"/>
		<bitmap id="bitmap.editwnd.toolbar.icon.frame.hover" imagelist="imagelist.editwnd.toolbar.icon.frame" index="2"/>

		<!--批处理-->
		<imagelist id="imagelist.editwnd.toolbar.icon.batch" vertical="0" splitter="1" varyblock="1" image="bitmap\editwnd\bitmap.toolbar.icon.batch.png"/>
		<bitmap id="bitmap.editwnd.toolbar.icon.batch.normal" imagelist="imagelist.editwnd.toolbar.icon.batch" index="1"/>
		<bitmap id="bitmap.editwnd.toolbar.icon.batch.hover" imagelist="imagelist.editwnd.toolbar.icon.batch" index="2"/>
		<!--分割线icon-->
		<bitmap id="bitmap.toolbar.icon.spliter"  path="bitmap\editwnd\bitmap.toolbar.icon.spliter.png"/>
		<!--照片规格管理-->
		<imagelist id="imagelist.editwnd.toolbar.icon.idphotomgr" vertical="0" splitter="1" varyblock="1" image="bitmap\editwnd\bitmap.toolbar.icon.idphotomgr.png"/>
		<bitmap id="bitmap.editwnd.toolbar.icon.idphotomgr.normal" imagelist="imagelist.editwnd.toolbar.icon.idphotomgr" index="1"/>
		<bitmap id="bitmap.editwnd.toolbar.icon.idphotomgr.hover" imagelist="imagelist.editwnd.toolbar.icon.idphotomgr" index="2"/>

		<!--添加自定义排版-->
		<imagelist id="imagelist.editwnd.toolbar.icon.addidphoto" vertical="0" splitter="1" varyblock="1" image="bitmap\editwnd\bitmap.toolbar.icon.addidphoto.png"/>
		<bitmap id="bitmap.editwnd.toolbar.icon.addidphoto.normal" imagelist="imagelist.editwnd.toolbar.icon.addidphoto" index="1"/>
		<bitmap id="bitmap.editwnd.toolbar.icon.addidphoto.hover" imagelist="imagelist.editwnd.toolbar.icon.addidphoto" index="2"/>

		<!--边框制作工具-->
		<imagelist id="imagelist.editwnd.toolbar.icon.frame.maker" vertical="0" splitter="1" varyblock="1" image="bitmap\editwnd\bitmap.toolbar.icon.multiframe_maker.png"/>
		<bitmap id="bitmap.editwnd.toolbar.icon.frame.maker.normal" imagelist="imagelist.editwnd.toolbar.icon.frame.maker" index="1"/>
		<bitmap id="bitmap.editwnd.toolbar.icon.frame.maker.hover" imagelist="imagelist.editwnd.toolbar.icon.frame.maker" index="2"/>
	
		<!--日历-->
		<imagelist id="imagelist.editwnd.toolbar.icon.calendar" vertical="0" splitter="1" varyblock="1" image="bitmap\editwnd\bitmap.toolbar.icon.calendar.png"/>
		<bitmap id="bitmap.editwnd.toolbar.icon.calendar.normal" imagelist="imagelist.editwnd.toolbar.icon.calendar" index="1"/>
		<bitmap id="bitmap.editwnd.toolbar.icon.calendar.hover" imagelist="imagelist.editwnd.toolbar.icon.calendar" index="2"/>
		
		<imagelist id="imagelist.editwnd.toolbar.icon.calendar.template" vertical="0" splitter="1" varyblock="1" image="bitmap\editwnd\bitmap.toolbar.icon.calendar.template.png"/>
		<bitmap id="bitmap.editwnd.toolbar.icon.calendar.template.normal" imagelist="imagelist.editwnd.toolbar.icon.calendar.template" index="1"/>
		<bitmap id="bitmap.editwnd.toolbar.icon.calendar.template.hover" imagelist="imagelist.editwnd.toolbar.icon.calendar.template" index="2"/>
		
		<imagelist id="imagelist.editwnd.toolbar.icon.tool" vertical="0" splitter="1" varyblock="1" image="bitmap\editwnd\bitmap.toolbar.icon.tool.png"/>
		<bitmap id="bitmap.editwnd.toolbar.icon.tool.normal" imagelist="imagelist.editwnd.toolbar.icon.tool" index="1"/>
		<bitmap id="bitmap.editwnd.toolbar.icon.tool.hover" imagelist="imagelist.editwnd.toolbar.icon.tool" index="2"/>
		
		<imagelist id="imagelist.editwnd.toolbar.icon.CCDCheck" vertical="0" splitter="1" varyblock="1" image="bitmap\editwnd\bitmap.toolbar.icon.CCDCheck.png"/>
		<bitmap id="bitmap.editwnd.toolbar.icon.CCDCheck.normal" imagelist="imagelist.editwnd.toolbar.icon.CCDCheck" index="1"/>
		<bitmap id="bitmap.editwnd.toolbar.icon.CCDCheck.hover" imagelist="imagelist.editwnd.toolbar.icon.CCDCheck" index="2"/>
		
		<imagelist id="imagelist.editwnd.toolbar.icon.calendar.custom" vertical="0" splitter="1" varyblock="1" image="bitmap\editwnd\bitmap.toolbar.icon.calendar.custom.png"/>
		<bitmap id="bitmap.editwnd.toolbar.icon.calendar.custom.normal" imagelist="imagelist.editwnd.toolbar.icon.calendar.custom" index="1"/>
		<bitmap id="bitmap.editwnd.toolbar.icon.calendar.custom.hover" imagelist="imagelist.editwnd.toolbar.icon.calendar.custom" index="2"/>
	
		<imagelist id="imagelist.editwnd.toolbar.icon.PerformanceTest" vertical="0" splitter="1" varyblock="1" image="bitmap\editwnd\bitmap.toolbar.icon.PerformanceTest.png"/>
		<bitmap id="bitmap.editwnd.toolbar.icon.PerformanceTest.normal" imagelist="imagelist.editwnd.toolbar.icon.PerformanceTest" index="1"/>
		<bitmap id="bitmap.editwnd.toolbar.icon.PerformanceTest.hover" imagelist="imagelist.editwnd.toolbar.icon.PerformanceTest" index="2"/>
		

		<!--分割线-->
		<bitmap id="bitmap.editwnd.toolbar.spliter" image="bitmap\editwnd\bitmap.toolbar.spliter.png" />

		<!--历史记录-->
		<imagelist id="imagelist.editwnd.toolbar.btn.history.bkg" vertical="0" splitter="1" varyblock="1" image="bitmap\editwnd\texture.toolbar.icon.history.png"/>
		<bitmap id="bitmap.editwnd.toolbar.history.btn.normal" imagelist="imagelist.editwnd.toolbar.btn.history.bkg" index="1"/>
		<bitmap id="bitmap.editwnd.toolbar.history.btn.hover" imagelist="imagelist.editwnd.toolbar.btn.history.bkg" index="2"/>
		<bitmap id="bitmap.editwnd.toolbar.history.btn.down" imagelist="imagelist.editwnd.toolbar.btn.history.bkg" index="3"/>
		<!--中部工具条-->
		<texture id="texture.editwnd.midtoolbar.bkg" type="ThreeInOneH" image="bitmap\editwnd\texture.midtoolbar.bkg.png" />

		<imagelist id="imagelist.editwnd.midtoolbar.btn.bkg" vertical="0" splitter="1" varyblock="1" image="bitmap\Control\texture.midtoolbar.btn.bkg.png"/>
		<texture id="texture.editwnd.midtoolbar.btn.normal" type="NineInOne" imagelist="imagelist.editwnd.midtoolbar.btn.bkg" index="1"/>
		<texture id="texture.editwnd.midtoolbar.btn.hover" type="NineInOne" imagelist="imagelist.editwnd.midtoolbar.btn.bkg" index="1"/>
		<texture id="texture.editwnd.midtoolbar.btn.down" type="NineInOne" imagelist="imagelist.editwnd.midtoolbar.btn.bkg" index="2"/>

		<imagelist id="imagelist.editwnd.midtoolbar.zoom.big" vertical="0" splitter="1" varyblock="1" image="bitmap\editwnd\texture.midtoolbar.zoom.big.png"/>
		<bitmap id="bitmap.editwnd.midtoolbar.zoom.big.normal" imagelist="imagelist.editwnd.midtoolbar.zoom.big" index="1"/>
		<bitmap id="bitmap.editwnd.midtoolbar.zoom.big.hover" imagelist="imagelist.editwnd.midtoolbar.zoom.big" index="2"/>
		<bitmap id="bitmap.editwnd.midtoolbar.zoom.big.down" imagelist="imagelist.editwnd.midtoolbar.zoom.big" index="2"/>

		<imagelist id="imagelist.editwnd.midtoolbar.zoom.small" vertical="0" splitter="1" varyblock="1" image="bitmap\editwnd\texture.midtoolbar.zoom.small.png"/>
		<bitmap id="bitmap.editwnd.midtoolbar.zoom.small.normal" imagelist="imagelist.editwnd.midtoolbar.zoom.small" index="1"/>
		<bitmap id="bitmap.editwnd.midtoolbar.zoom.small.hover" imagelist="imagelist.editwnd.midtoolbar.zoom.small" index="2"/>
		<bitmap id="bitmap.editwnd.midtoolbar.zoom.small.down" imagelist="imagelist.editwnd.midtoolbar.zoom.small" index="2"/>

		<!--图片信息-->
		<imagelist id="imagelist.editwnd.midtoolbar.icon.imginfo" vertical="0" splitter="1" varyblock="1" image="bitmap\editwnd\bitmap.midtoolbar.icon.imginfo.png"/>
		<bitmap id="bitmap.editwnd.midtoolbar.icon.imginfo.normal" imagelist="imagelist.editwnd.midtoolbar.icon.imginfo" index="1"/>
		<bitmap id="bitmap.editwnd.midtoolbar.icon.imginfo.hover" imagelist="imagelist.editwnd.midtoolbar.icon.imginfo" index="2"/>

		<texture id="texture.editwnd.imageinfo.bkg" type="NineInOne" image="bitmap\editwnd\texture.imageinfo.bkg.png" />
		<bitmap id="bitmap.editwnd.imageinfo.spliter" image="bitmap\editwnd\bitmap.imageinfo.spliter.png" />

		<!--全屏-->
		<imagelist id="imagelist.editwnd.midtoolbar.icon.fullscreen" vertical="0" splitter="1" varyblock="1" image="bitmap\editwnd\bitmap.midtoolbar.icon.fullscreen.png"/>
		<bitmap id="bitmap.editwnd.midtoolbar.icon.fullscreen.normal" imagelist="imagelist.editwnd.midtoolbar.icon.fullscreen" index="1"/>
		<bitmap id="bitmap.editwnd.midtoolbar.icon.fullscreen.hover" imagelist="imagelist.editwnd.midtoolbar.icon.fullscreen" index="2"/>

		<!--对比-->
		<imagelist id="imagelist.editwnd.midtoolbar.icon.imgcontrast" vertical="0" splitter="1" varyblock="1" image="bitmap\editwnd\bitmap.midtoolbar.icon.imgcontrast.png"/>
		<bitmap id="bitmap.editwnd.midtoolbar.icon.imgcontrast.normal" imagelist="imagelist.editwnd.midtoolbar.icon.imgcontrast" index="1"/>
		<bitmap id="bitmap.editwnd.midtoolbar.icon.imgcontrast.hover" imagelist="imagelist.editwnd.midtoolbar.icon.imgcontrast" index="2"/>

		<!--适屏-->
		<imagelist id="imagelist.editwnd.midtoolbar.icon.adaptscreen" vertical="0" splitter="1" varyblock="1" image="bitmap\editwnd\bitmap.midtoolbar.icon.adaptscreen.png"/>
		<bitmap id="bitmap.editwnd.midtoolbar.icon.adaptscreen.normal" imagelist="imagelist.editwnd.midtoolbar.icon.adaptscreen" index="1"/>
		<bitmap id="bitmap.editwnd.midtoolbar.icon.adaptscreen.hover" imagelist="imagelist.editwnd.midtoolbar.icon.adaptscreen" index="2"/>

		<!--原大-->
		<imagelist id="imagelist.editwnd.midtoolbar.icon.srcscreen" vertical="0" splitter="1" varyblock="1" image="bitmap\editwnd\bitmap.midtoolbar.icon.srcscreen.png"/>
		<bitmap id="bitmap.editwnd.midtoolbar.icon.srcscreen.normal" imagelist="imagelist.editwnd.midtoolbar.icon.srcscreen" index="1"/>
		<bitmap id="bitmap.editwnd.midtoolbar.icon.srcscreen.hover" imagelist="imagelist.editwnd.midtoolbar.icon.srcscreen" index="2"/>

		<imagelist id="imagelist.editwnd.midtoolbar.expandbtn.bkg" vertical="0" splitter="1" varyblock="1" image="bitmap\Control\texture.midtoolbar.expandbtn.bkg.png"/>
		<texture id="texture.editwnd.midtoolbar.expandbtn.normal" imagelist="imagelist.editwnd.midtoolbar.expandbtn.bkg" index="1"/>
		<texture id="texture.editwnd.midtoolbar.expandbtn.hover" imagelist="imagelist.editwnd.midtoolbar.expandbtn.bkg" index="2"/>
		<texture id="texture.editwnd.midtoolbar.expandbtn.down" imagelist="imagelist.editwnd.midtoolbar.expandbtn.bkg" index="3"/>

		<!--展开icon-->
		<imagelist id="imagelist.editwnd.midtoolbar.icon.expand" vertical="0" splitter="1" varyblock="1" image="bitmap\editwnd\texture.midtoolbar.expand.icon.bkg.png"/>
		<bitmap id="bitmap.editwnd.midtoolbar.icon.expand.normal" imagelist="imagelist.editwnd.midtoolbar.icon.expand" index="1"/>
		<bitmap id="bitmap.editwnd.midtoolbar.icon.expand.hover" imagelist="imagelist.editwnd.midtoolbar.icon.expand" index="2"/>
		<!--收起icon-->
		<imagelist id="imagelist.editwnd.midtoolbar.icon.unexpand" vertical="0" splitter="1" varyblock="1" image="bitmap\editwnd\texture.midtoolbar.unexpand.icon.bkg.png"/>
		<bitmap id="bitmap.editwnd.midtoolbar.icon.unexpand.normal" imagelist="imagelist.editwnd.midtoolbar.icon.unexpand" index="1"/>
		<bitmap id="bitmap.editwnd.midtoolbar.icon.unexpand.hover" imagelist="imagelist.editwnd.midtoolbar.icon.unexpand" index="2"/>

		<!--对比-->
		<imagelist id="imagelist.editwnd.slider.btn.triangle.bkg" vertical="0" splitter="1" varyblock="1" image="bitmap\editwnd\texture.editwnd.slider.btn.triangle.bkg.png"/>
		<texture id="bitmap.editwnd.slider.btn.triangle.left" imagelist="imagelist.editwnd.slider.btn.triangle.bkg" index="1"/>
		<texture id="bitmap.editwnd.slider.btn.triangle.middle" imagelist="imagelist.editwnd.slider.btn.triangle.bkg" index="2"/>
		<texture id="bitmap.editwnd.slider.btn.triangle.right" imagelist="imagelist.editwnd.slider.btn.triangle.bkg" index="3"/>
		<!--底部文件列表-->	
		<!--左边icon-->
		<imagelist id="imagelist.editwnd.fileview.icon.leftward" vertical="0" splitter="1" varyblock="1" image="bitmap\editwnd\bitmap.fileview.leftward.icon.png"/>
		<bitmap id="bitmap.editwnd.fileview.icon.leftward.normal" imagelist="imagelist.editwnd.fileview.icon.leftward" index="1"/>
		<bitmap id="bitmap.editwnd.fileview.icon.leftward.hover" imagelist="imagelist.editwnd.fileview.icon.leftward" index="2"/>
		<bitmap id="bitmap.editwnd.fileview.icon.leftward.down" imagelist="imagelist.editwnd.fileview.icon.leftward" index="3"/>

		<!--右边icon-->
		<imagelist id="imagelist.editwnd.fileview.icon.rightward" vertical="0" splitter="1" varyblock="1" image="bitmap\editwnd\bitmap.fileview.rightward.icon.png"/>
		<bitmap id="bitmap.editwnd.fileview.icon.rightward.normal" imagelist="imagelist.editwnd.fileview.icon.rightward" index="1"/>
		<bitmap id="bitmap.editwnd.fileview.icon.rightward.hover" imagelist="imagelist.editwnd.fileview.icon.rightward" index="2"/>
		<bitmap id="bitmap.editwnd.fileview.icon.rightward.down" imagelist="imagelist.editwnd.fileview.icon.rightward" index="3"/>

		<!--显示区域右键-->
		<imagelist id="imagelist.bitmap.editwnd.view.menu.icon.copy" vertical="0" splitter="1" varyblock="1" image="bitmap\editwnd\bitmap.editwnd.view.menu.icon.copy.png"/>
		<bitmap id="bitmap.editwnd.view.menu.icon.copy.normal" imagelist="imagelist.bitmap.editwnd.view.menu.icon.copy" index="1" />
		<bitmap id="bitmap.editwnd.view.menu.icon.copy.hover" imagelist="imagelist.bitmap.editwnd.view.menu.icon.copy" index="2" />
		<bitmap id="bitmap.editwnd.view.menu.icon.copy.down" imagelist="imagelist.bitmap.editwnd.view.menu.icon.copy" index="3" />

		<imagelist id="imagelist.bitmap.editwnd.view.menu.icon.paste" vertical="0" splitter="1" varyblock="1" image="bitmap\editwnd\bitmap.editwnd.view.menu.icon.paste.png"/>
		<bitmap id="bitmap.editwnd.view.menu.icon.paste.normal" imagelist="imagelist.bitmap.editwnd.view.menu.icon.paste" index="1" />
		<bitmap id="bitmap.editwnd.view.menu.icon.paste.hover" imagelist="imagelist.bitmap.editwnd.view.menu.icon.paste" index="2" />
		<bitmap id="bitmap.editwnd.view.menu.icon.paste.down" imagelist="imagelist.bitmap.editwnd.view.menu.icon.paste" index="3" />
		
		<imagelist id="imagelist.bitmap.editwnd.view.menu.icon.print" vertical="0" splitter="1" varyblock="1" image="bitmap\editwnd\bitmap.editwnd.view.menu.icon.print.png"/>
		<bitmap id="bitmap.editwnd.view.menu.icon.print.normal" imagelist="imagelist.bitmap.editwnd.view.menu.icon.print" index="1" />
		<bitmap id="bitmap.editwnd.view.menu.icon.print.hover" imagelist="imagelist.bitmap.editwnd.view.menu.icon.print" index="2" />
		<bitmap id="bitmap.editwnd.view.menu.icon.print.down" imagelist="imagelist.bitmap.editwnd.view.menu.icon.print" index="3" />

		<!--combobox-->
		<imagelist id="imagelist.editwnd.combobox.bkg" vertical="0" splitter="1" varyblock="1" image="bitmap\Control\Combobox\texture.editwnd.combobox.bkg.png"/>
		<texture id="texture.editwnd.combobox.bkg.normal" type="ThreeInOneH" imagelist="imagelist.editwnd.combobox.bkg" index="1"/>
		<texture id="texture.editwnd.combobox.bkg.hover" type="ThreeInOneH" imagelist="imagelist.editwnd.combobox.bkg" index="2"/>
		<texture id="texture.editwnd.combobox.bkg.down" type="ThreeInOneH" imagelist="imagelist.editwnd.combobox.bkg" index="3"/>
		<texture id="texture.editwnd.combobox.bkg.disable" type="ThreeInOneH" imagelist="imagelist.editwnd.combobox.bkg" index="4"/>

		<texture id="texture.midtoolbar.size.tips.bkg" image="bitmap\editwnd\texture.midtoolbar.size.tips.bkg.png" />

		<texture id="texture.basicadjust.colorbalance.colorbar1.bkg" image="bitmap\editwnd\BasicAdjust\texture.basicadjust.colorbalance.colorbar1.bkg.png" />
		<texture id="texture.basicadjust.colorbalance.colorbar2.bkg" image="bitmap\editwnd\BasicAdjust\texture.basicadjust.colorbalance.colorbar2.bkg.png" />
		<texture id="texture.basicadjust.colorbalance.colorbar3.bkg" image="bitmap\editwnd\BasicAdjust\texture.basicadjust.colorbalance.colorbar3.bkg.png" />

		<imagelist id="imagelist.basicadjust.colorbalance.sliderbar.btn" vertical="0" splitter="1" varyblock="1" image="bitmap\editwnd\BasicAdjust\texture.basicadjust.colorbalance.sliderbar.btn.bkg.png"/>
		<texture id="texture.basicadjust.colorbalance.sliderbar.btn.normal" type="Stretch" imagelist="imagelist.basicadjust.colorbalance.sliderbar.btn" index="1"/>
		<texture id="texture.basicadjust.colorbalance.sliderbar.btn.hover" type="Stretch" imagelist="imagelist.basicadjust.colorbalance.sliderbar.btn" index="3"/>
		<texture id="texture.basicadjust.colorbalance.sliderbar.btn.down" type="Stretch" imagelist="imagelist.basicadjust.colorbalance.sliderbar.btn" index="3"/>

		<texture id="texture.editwnd.fileview.bkg" type="NineInOne" image="bitmap\editwnd\texture.fileview.bkg.png" /> 
		
		
		<!--裁剪和旋转控制工具栏-->
		<texture id="texture.clippanel.commonpercent.line" type="Stretch" image="bitmap\Other\texture.mainwnd.splitline.h.png" /> 
		
		<texture id="texture.idphoto.list.item.hover.bkg" type="NineInOne" image="bitmap\IDPhoto\texture.idphoto.list.item.hover.bkg.png" /> 
		<texture id="texture.idphoto.list.item.sel.bkg" type="NineInOne" image="bitmap\IDPhoto\texture.idphoto.list.item.sel.bkg.png" /> 
		
		<texture id="texture.mainmenu.normal.bkg" type="NineInOne" image="bitmap\editwnd\texture.mainmenu.normal.bkg.png" />
		
		<imagelist id="icon.imageview.share" vertical="0" splitter="1" varyblock="1" image="bitmap\editwnd\bitmap.imageview.share.icon.png"/>
		<bitmap id="bitmap.icon.imageview.share.normal" imagelist="icon.imageview.share" index="1"/>
		<bitmap id="bitmap.icon.imageview.share.hover" imagelist="icon.imageview.share" index="2"/>
		<bitmap id="bitmap.icon.imageview.share.down" imagelist="icon.imageview.share" index="3"/>
		<bitmap id="bitmap.icon.imageview.share.disable" imagelist="icon.imageview.share" index="1"/>
		
				
		<imagelist id="imagelist.toolbar.icon.fodder" vertical="0" splitter="1" varyblock="1" image="bitmap\editwnd\bitmap.toolbar.icon.fodder.png"/>
		<bitmap id="bitmap.toolbar.fodder.normal" imagelist="imagelist.toolbar.icon.fodder" index="1"/>
		<bitmap id="bitmap.toolbar.fodder.hover" imagelist="imagelist.toolbar.icon.fodder" index="2"/>
		
		<imagelist id="imagelist.toolbar.icon.foddercenter" vertical="0" splitter="1" varyblock="1" image="bitmap\editwnd\bitmap.toolbar.icon.foddercenter.png"/>
		<bitmap id="bitmap.toolbar.icon.foddercenter.normal" imagelist="imagelist.toolbar.icon.foddercenter" index="1"/>
		<bitmap id="bitmap.toolbar.icon.foddercenter.hover" imagelist="imagelist.toolbar.icon.foddercenter" index="2"/>
		
		
		<imagelist id="imagelist.toolbar.icon.uploadfodder" vertical="0" splitter="1" varyblock="1" image="bitmap\editwnd\bitmap.toolbar.icon.uploadfodder.png"/>
		<bitmap id="bitmap.toolbar.icon.uploadfodder.normal" imagelist="imagelist.toolbar.icon.uploadfodder" index="1"/>
		<bitmap id="bitmap.toolbar.icon.uploadfodder.hover" imagelist="imagelist.toolbar.icon.uploadfodder" index="2"/>
		
		<imagelist id="imagelist.toolbar.icon.uploadfont" vertical="0" splitter="1" varyblock="1" image="bitmap\editwnd\bitmap.toolbar.icon.uploadfont.png"/>
		<bitmap id="bitmap.toolbar.icon.uploadfont.normal" imagelist="imagelist.toolbar.icon.uploadfont" index="1"/>
		<bitmap id="bitmap.toolbar.icon.uploadfont.hover" imagelist="imagelist.toolbar.icon.uploadfont" index="2"/>
		
	</resource>
</xlue>
