<xlue>
	<resource>
		<imagelist id="imagelist.bitmap.painter.icon.select" vertical="0" splitter="1" varyblock="1" image="bitmap\NeoPainter\bitmap.painter.icon.select.png"/>
		<bitmap id="bitmap.painter.icon.select.normal" imagelist="imagelist.bitmap.painter.icon.select" index="2" />
		<bitmap id="bitmap.painter.icon.select.hover" imagelist="imagelist.bitmap.painter.icon.select" index="1" />

		<imagelist id="imagelist.bitmap.painter.icon.line" vertical="0" splitter="1" varyblock="1" image="bitmap\NeoPainter\bitmap.painter.icon.line.png"/>
		<bitmap id="bitmap.painter.icon.line.normal" imagelist="imagelist.bitmap.painter.icon.line" index="2" />
		<bitmap id="bitmap.painter.icon.line.hover" imagelist="imagelist.bitmap.painter.icon.line" index="1" />
		
		<imagelist id="imagelist.bitmap.painter.icon.arrow" vertical="0" splitter="1" varyblock="1" image="bitmap\NeoPainter\bitmap.painter.icon.arrow.png"/>
		<bitmap id="bitmap.painter.icon.arrow.normal" imagelist="imagelist.bitmap.painter.icon.arrow" index="2" />
		<bitmap id="bitmap.painter.icon.arrow.hover" imagelist="imagelist.bitmap.painter.icon.arrow" index="1" />
		
		<imagelist id="imagelist.bitmap.painter.icon.rectangle" vertical="0" splitter="1" varyblock="1" image="bitmap\NeoPainter\bitmap.painter.icon.rectangle.png"/>
		<bitmap id="bitmap.painter.icon.rectangle.normal" imagelist="imagelist.bitmap.painter.icon.rectangle" index="2" />
		<bitmap id="bitmap.painter.icon.rectangle.hover" imagelist="imagelist.bitmap.painter.icon.rectangle" index="1" />
		
		<imagelist id="imagelist.bitmap.painter.icon.circle" vertical="0" splitter="1" varyblock="1" image="bitmap\NeoPainter\bitmap.painter.icon.circle.png"/>
		<bitmap id="bitmap.painter.icon.circle.normal" imagelist="imagelist.bitmap.painter.icon.circle" index="2" />
		<bitmap id="bitmap.painter.icon.circle.hover" imagelist="imagelist.bitmap.painter.icon.circle" index="1" />
		
		<imagelist id="imagelist.bitmap.painter.icon.freeline" vertical="0" splitter="1" varyblock="1" image="bitmap\NeoPainter\bitmap.painter.icon.freeline.png"/>
		<bitmap id="bitmap.painter.icon.freeline.normal" imagelist="imagelist.bitmap.painter.icon.freeline" index="2" />
		<bitmap id="bitmap.painter.icon.freeline.hover" imagelist="imagelist.bitmap.painter.icon.freeline" index="1" />
		
		<imagelist id="imagelist.bitmap.painter.icon.text" vertical="0" splitter="1" varyblock="1" image="bitmap\NeoPainter\bitmap.painter.icon.text.png"/>
		<bitmap id="bitmap.painter.icon.text.normal" imagelist="imagelist.bitmap.painter.icon.text" index="2" />
		<bitmap id="bitmap.painter.icon.text.hover" imagelist="imagelist.bitmap.painter.icon.text" index="1" />
		
		<imagelist id="imagelist.bitmap.painter.icon.image" vertical="0" splitter="1" varyblock="1" image="bitmap\NeoPainter\bitmap.painter.icon.image.png"/>
		<bitmap id="bitmap.painter.icon.image.normal" imagelist="imagelist.bitmap.painter.icon.image" index="2" />
		<bitmap id="bitmap.painter.icon.image.hover" imagelist="imagelist.bitmap.painter.icon.image" index="1" />
		
		<imagelist id="imagelist.bitmap.painter.icon.logo" vertical="0" splitter="1" varyblock="1" image="bitmap\NeoPainter\bitmap.painter.icon.logo.png"/>
		<bitmap id="bitmap.painter.icon.logo.normal" imagelist="imagelist.bitmap.painter.icon.logo" index="2" />
		<bitmap id="bitmap.painter.icon.logo.hover" imagelist="imagelist.bitmap.painter.icon.logo" index="1" />
	
		<texture id="bitmap.painter.transparentbkg" type="Tile" image="bitmap\NeoPainter\bitmap.painter.transparentbkg.png" />
	
	</resource>
</xlue>