<xlue>
	<resource>
		<texture id="texture.dlgwnd.bkg" type="NineInOne" image="bitmap\Dlg\texture.dlgwnd.bkg.png"/>
		<texture id="texture.dlgwnd.openfile.bkg" type="NineInOne" path="bitmap\Dlg\OpenFileDlg\texture.dlgwnd.openfile.bkg.png" />
		
		<texture id="texture.dlg.innerpanel.bkg" type="NineInOne" image="bitmap\Other\texture.dlg.innerpanel.bkg.png" />
		<texture id="texture.dlg.innerpanel.lineborder" type="NineInOne" image="bitmap\Other\texture.dlg.innerpanel.lineborder.png" />
		<texture id="texture.colorctrl.border" type="NineInOne" path="bitmap\Other\texture.frame.easyframe.colorborder.png" />
	<!--全屏-->
		<texture id="texture.fullscreen.bkg" type="NineInOne" image="bitmap\Dlg\FullScreen\texture.fullscreen.bkg.png"/>
		<imagelist id="imagelist.fullscreen.btn.close.bkg" vertical="0" splitter="1" varyblock="1" image="bitmap\Dlg\FullScreen\texture.fullscreen.btn.close.bkg.png"/>
		<texture id="texture.fullscreen.btn.close.normal" type="Stretch" imagelist="imagelist.fullscreen.btn.close.bkg" index="1"/>
		<texture id="texture.fullscreen.btn.close.hover" type="Stretch" imagelist="imagelist.fullscreen.btn.close.bkg" index="2"/>
		<texture id="texture.fullscreen.btn.close.down" type="Stretch" imagelist="imagelist.fullscreen.btn.close.bkg" index="3"/>
		
	<!--通用按钮-->
		<imagelist id="imagelist.general.button.bkg" vertical="0" splitter="1" varyblock="1" image="bitmap\Control\general.button.bkg.png"/>
		<texture id="general.button.normal" type="NineInOne" imagelist="imagelist.general.button.bkg" index="1"/>
		<texture id="general.button.hover" type="NineInOne" imagelist="imagelist.general.button.bkg" index="2"/>
		<texture id="general.button.down" type="NineInOne" imagelist="imagelist.general.button.bkg" index="3"/>
		<texture id="general.button.disable" type="NineInOne" imagelist="imagelist.general.button.bkg" index="4"/>
		
		<imagelist id="imagelist.general.button.blue.bkg" vertical="0" splitter="1" varyblock="1" image="bitmap\Control\general.btn.blue.bkg.png"/>
		<texture id="texture.button.blue.normal" type="NineInOne" imagelist="imagelist.general.button.blue.bkg" index="1"/>
		<texture id="texture.button.blue.hover" type="NineInOne" imagelist="imagelist.general.button.blue.bkg" index="2"/>
		<texture id="texture.button.blue.down" type="NineInOne" imagelist="imagelist.general.button.blue.bkg" index="3"/>
		<texture id="texture.button.blue.disable" type="NineInOne" imagelist="imagelist.general.button.blue.bkg" index="4"/>
		
		<imagelist id="imagelist.texture.login.dlg.btn.blue.bkg" vertical="0" splitter="1" varyblock="1" image="bitmap\Control\texture.login.dlg.btn.blue.bkg.png"/>
		<texture id="texture.login.dlg.btn.blue.bkg.normal" type="NineInOne" imagelist="imagelist.texture.login.dlg.btn.blue.bkg" index="1"/>
		<texture id="texture.login.dlg.btn.blue.bkg.hover" type="NineInOne" imagelist="imagelist.texture.login.dlg.btn.blue.bkg" index="2"/>
		<texture id="texture.login.dlg.btn.blue.bkg.down" type="NineInOne" imagelist="imagelist.texture.login.dlg.btn.blue.bkg" index="3"/>
		
	<!--CheckBox-->		
		<imagelist id="imagelist.checkbox" vertical="0" splitter="1" varyblock="1" image="bitmap\Control\imagelist.checkbox.png" />
		<bitmap id="bitmap.tick.normal" imagelist="imagelist.checkbox" index="1" />
		<bitmap id="bitmap.tick.max" imagelist="imagelist.checkbox" index="2" />
		<bitmap id="bitmap.tick.disable" imagelist="imagelist.checkbox" index="3" />
		<bitmap id="bitmap.box.normal" imagelist="imagelist.checkbox" index="4" />
		<bitmap id="bitmap.box.hover" imagelist="imagelist.checkbox" index="5" />
		<bitmap id="bitmap.box.disable" imagelist="imagelist.checkbox" index="6" />
		
		
	<!--radiobutton-->		
		<imagelist id="imagelist.radiobutton" vertical="0" splitter="1" varyblock="1" image="bitmap\Control\radiobutton.png"/>
		<bitmap id="bitmap.radiobutton.dot.normal" imagelist="imagelist.radiobutton" index="1" />
		<bitmap id="bitmap.radiobutton.dot.disable" imagelist="imagelist.radiobutton" index="3" />
		<bitmap id="bitmap.radiobutton.box.normal" imagelist="imagelist.radiobutton" index="4" />
		<bitmap id="bitmap.radiobutton.box.hover" imagelist="imagelist.radiobutton" index="5" />
		<bitmap id="bitmap.radiobutton.box.disable" imagelist="imagelist.radiobutton" index="6" />
	
		<texture id="menu.bkn" type="NineInOne" image="bitmap\Control\texture.mainmenu.popbkg.png"/>
		<texture id="texture.menu.hover" type="NineInOne" path="bitmap\Control\texture.menu.hover.png" />
	<!--通用对话框背景-->
		<imagelist id="imagelist.system.button" vertical="0" splitter="1" varyblock="1" image="bitmap\Dlg\system.button.png" />
		<bitmap id="system.btn.exit.normal" imagelist="imagelist.system.button" index="1"/>
		<bitmap id="system.btn.exit.hover" imagelist="imagelist.system.button" index="2"/>
		<bitmap id="system.btn.exit.down" imagelist="imagelist.system.button" index="3"/>
	
		<!--对话框icon-->
		<!--错误-->
		<bitmap id="bitmap.dlg.error.icon" image="bitmap\Dlg\bitmap.dlg.error.icon.png"/>
		<!--警告-->
		<bitmap id="bitmap.dlg.alert.icon" image="bitmap\Dlg\bitmap.dlg.alert.icon.png"/>
		<!--OK-->
		<bitmap id="bitmap.dlg.right.icon" image="bitmap\Dlg\bitmap.dlg.right.icon.png"/>
		<!--疑问-->
		<bitmap id="bitmap.dlg.query.icon" image="bitmap\Dlg\bitmap.dlg.query.icon.png"/>
	<!-- 滚动条 -->
		<!--垂直滚动条-->
		<texture id="mainwnd.vscrollbar.bkg" type="ThreeInOneV" image="bitmap\Control\scrollbar\vscrollbar_bkg.png" />
		<imagelist id="mainwnd.vscrollbar.btn" vertical="0" splitter="1" varyblock="1" image="bitmap\Control\scrollbar\vscrollbar_btn.png"/>
		<texture id="mainwnd.vscrollbar.btn.normal" type="ThreeInOneV" imagelist="mainwnd.vscrollbar.btn" index="1"/>
		<texture id="mainwnd.vscrollbar.btn.hover" type="ThreeInOneV" imagelist="mainwnd.vscrollbar.btn" index="2"/>
		<texture id="mainwnd.vscrollbar.btn.down" type="ThreeInOneV" imagelist="mainwnd.vscrollbar.btn" index="3"/>
		
	
		<!--水平滚动条-->
		<texture id="mainwnd.hscrollbar.bkg" type="ThreeInOneH" image="bitmap\Control\scrollbar\hscrollbar_bkg.png" />
		<imagelist id="mainwnd.hscrollbar.btn" vertical="0" splitter="1" varyblock="1" image="bitmap\Control\scrollbar\hscrollbar_btn.png"/>
		<texture id="mainwnd.hscrollbar.btn.normal" type="ThreeInOneH" imagelist="mainwnd.hscrollbar.btn" index="1"/>
		<texture id="mainwnd.hscrollbar.btn.hover" type="ThreeInOneH" imagelist="mainwnd.hscrollbar.btn" index="2"/>
		<texture id="mainwnd.hscrollbar.btn.down" type="ThreeInOneH" imagelist="mainwnd.hscrollbar.btn" index="3"/>
	<!--关于对话框-->
		<texture id="texture.aboutdlg.bkg" type="Stretch" image="bitmap\Dlg\AboutDlg\texture.aboutdlg.bkg.png" />
		<bitmap id="bitmap.aboutdlg.icon" image="bitmap\Dlg\AboutDlg\bitmap.aboutdlg.icon.png" />
		
	<!--进度条-->
		<texture id="texture.processor.empty.bkg" type="ThreeInOneH" image="bitmap\Control\texture.processor.empty.bkg.png" />
		<texture id="texture.processor.full.bkg" type="ThreeInOneH" image="bitmap\Control\texture.processor.full.bkg.png" />
	<!--编辑框-->
		<texture id="texture.neoimage.edit.bkg.normal" type="NineInOne" image="bitmap\Control\texture.mainwnd.edit.bkg.png" />
		<texture id="texture.neoimage.edit.bkg.hover" type="NineInOne" image="bitmap\Control\texture.mainwnd.edit.bkg.png" />
		<texture id="texture.neoimage.edit.bkg.down" type="NineInOne" image="bitmap\Control\texture.mainwnd.edit.bkg.png" />
		<texture id="texture.neoimage.edit.bkg.disable" type="NineInOne" image="bitmap\Control\texture.mainwnd.edit.bkg.png" />
	<!--弹出框编辑框资源-->
		<texture id="texture.neoimage.dlg.edit.bkg.normal" type="NineInOne" image="bitmap\Control\texture.mainwnd.edit.bkg.png" />
		<texture id="texture.neoimage.dlg.edit.bkg.hover" type="NineInOne" image="bitmap\Control\texture.mainwnd.edit.bkg.png" />
		<texture id="texture.neoimage.dlg.edit.bkg.down" type="NineInOne" image="bitmap\Control\texture.mainwnd.edit.bkg.png" />
		<texture id="texture.neoimage.dlg.edit.bkg.disable" type="NineInOne" image="bitmap\Control\texture.mainwnd.edit.bkg.png" />
	<!--toolbar弹出菜单资源-->
		<bitmap id="bitmap.special.menu.bkg.icon"  image="bitmap\bitmap.special.menu.bkg.icon.png" />

	<!---->
		<texture id="texture.drop.bkg" type="NineInOne" image="bitmap\Other\texture.drop.bkg.png" />
		<bitmap id="bitmap.dlg.spliter.vertical" image="bitmap\Dlg\bitmap.spliter.vertical.png"/>
		<bitmap id="bitmap.dlg.spliter.horizontal" image="bitmap\Dlg\bitmap.spliter.horizontal.png"/>
	<!--combobox-->
		<bitmap id="bitmap.template.comboboxlist.item.close" image="bitmap\Control\Combobox\bitmap.template.comboboxlist.item.close.png" />
		
	<!--bolt-->
		<bitmap id="bitmap.bolt.icon" image="bitmap\Dlg\AboutDlg\bitmap.bolt.icon.png"/>
	<!--菊花框背景-->
		<texture id="texture.waiting.bak" type="NineInOne" image="bitmap\texture.waiting.bak.png" />
	<!--右下角可拖拽标记-->
		<bitmap id="bitmap.mainwnd.drop.icon" image="bitmap\bitmap.mainwnd.drop.icon.png"/>
		
		<texture id="texture.colordlg.bkg" type="NineInOne" image="bitmap\Dlg\texture.colordlg.bkg.png" />
		<cursor id="tubularis_cursor" file="bitmap/cur.tubularis.cursor.cur" width="32" height="32" />
		<cursor id="hand_cursor" file="bitmap/cur.hand.cursor.cur" width="32" height="32" />
		<cursor id="rotate_cursor" file="bitmap/cur.rotate.cursor.cur" width="32" height="32" />
		<cursor id="clip_cursor" file="bitmap/cur.clip.cursor.cur" width="32" height="32" />
		<cursor id="pencil_cursor" file="bitmap/cur.pencil.cursor.cur" width="32" height="32" />
		<cursor id="cutout_tubularis_cursor" file="bitmap/cur.cutout.tubularis.cursor.cur" width="32" height="32" />

		<texture id="texture.tips.bak" type="NineInOne" path="bitmap\Control\texture.tips.bak.png" />
		<!-- idphoto -->
		<bitmap id="bitmap.idphoto.smiling" image="bitmap\IDPhoto\bitmap.idphoto.smiling.png"/>
		<texture id="texture.idphoto.titleborder" type="NineInOne" image="bitmap\IDPhoto\texture.idphoto.titleborder.png" />
		
		<imagelist id="icon.idphoto.paper.dire.v" vertical="0" splitter="1" varyblock="1" image="bitmap\IDPhoto\icon.idphoto.paper.dire.v.png"/>
		<bitmap id="icon.idphoto.paper.dire.v.normal" imagelist="icon.idphoto.paper.dire.v" index="1"/>
		<bitmap id="icon.idphoto.paper.dire.v.down" imagelist="icon.idphoto.paper.dire.v" index="2"/>
		
		<imagelist id="icon.idphoto.paper.dire.h" vertical="0" splitter="1" varyblock="1" image="bitmap\IDPhoto\icon.idphoto.paper.dire.h.png"/>
		<bitmap id="icon.idphoto.paper.dire.h.normal" imagelist="icon.idphoto.paper.dire.h" index="1"/>
		<bitmap id="icon.idphoto.paper.dire.h.down" imagelist="icon.idphoto.paper.dire.h" index="2"/>
		
		<imagelist id="icon.idphoto.photo.dire.h" vertical="0" splitter="1" varyblock="1" image="bitmap\IDPhoto\icon.idphoto.photo.dire.h.png"/>
		<bitmap id="icon.idphoto.photo.dire.h.normal" imagelist="icon.idphoto.photo.dire.h" index="1"/>
		<bitmap id="icon.idphoto.photo.dire.h.down" imagelist="icon.idphoto.photo.dire.h" index="2"/>
		
		<imagelist id="icon.idphoto.photo.dire.v" vertical="0" splitter="1" varyblock="1" image="bitmap\IDPhoto\icon.idphoto.photo.dire.v.png"/>
		<bitmap id="icon.idphoto.photo.dire.v.normal" imagelist="icon.idphoto.photo.dire.v" index="1"/>
		<bitmap id="icon.idphoto.photo.dire.v.down" imagelist="icon.idphoto.photo.dire.v" index="2"/>
		
		<bitmap id="bitmap.idphoto.sample" image="bitmap\IDPhoto\bitmap.idphoto.sample.png"/>
		
		<imagelist id="icon.addcustomtypeset" vertical="0" splitter="1" varyblock="1" image="bitmap\IDPhoto\icon.addcustomtypeset.png"/>
		<bitmap id="icon.addcustomtypeset.normal" imagelist="icon.addcustomtypeset" index="1"/>
		<bitmap id="icon.addcustomtypeset.down" imagelist="icon.addcustomtypeset" index="2"/>
		
		<imagelist id="icon.customtypeset" vertical="0" splitter="1" varyblock="1" image="bitmap\IDPhoto\icon.customtypeset.png"/>
		<bitmap id="icon.customtypeset.normal" imagelist="icon.customtypeset" index="1"/>
		<bitmap id="icon.customtypeset.down" imagelist="icon.customtypeset" index="2"/>
		
		<imagelist id="imagelist.dlg.combobox.btn.bkg" vertical="0" splitter="1" varyblock="1" image="bitmap\Control\Combobox\bitmap.dlg.combobox.btn.bkg.png"/>
		<texture id="texture.dlg.combobox.btn.bkg.normal" imagelist="imagelist.dlg.combobox.btn.bkg" index="1"/>
		<texture id="texture.dlg.combobox.btn.bkg.hover" imagelist="imagelist.dlg.combobox.btn.bkg" index="2"/>
		<texture id="texture.dlg.combobox.btn.bkg.down" imagelist="imagelist.dlg.combobox.btn.bkg" index="3"/>
		<texture id="texture.dlg.combobox.btn.bkg.disable" imagelist="imagelist.dlg.combobox.btn.bkg" index="4"/>
		<texture id="texture.dlg.combobox.bkg.normal" type="NineInOne" image="bitmap\Control\Combobox\bitmap.dlg.combobox.bkg.png" />
		<texture id="texture.dlg.combobox.bkg.hover" type="NineInOne" image="bitmap\Control\Combobox\bitmap.dlg.combobox.bkg.png" />
		<texture id="texture.dlg.combobox.bkg.disable" type="NineInOne" image="bitmap\Control\Combobox\bitmap.dlg.combobox.bkg.png" />
		<texture id="texture.dlg.combobox.list.bkg" type="NineInOne" image="bitmap\Control\Combobox\bitmap.dlg.combobox.list.bkg.png" />
		<texture id="texture.dlg.combobox.list.item.hover.bkg" type="NineInOne" image="bitmap\Control\Combobox\bitmap.dlg.combobox.list.item.hover.bkg.png" />
		
		
		
		
		<imagelist id="texture.general.btn.status.bkg" vertical="0" splitter="1" varyblock="1" image="bitmap\Control\general.btn.status.bkg.png"/>
		<texture id="texture.btn.status.bkg.normal" type="NineInOne"  imagelist="texture.general.btn.status.bkg" index="1"/>
		<texture id="texture.btn.status.bkg.hover"  type="NineInOne"  imagelist="texture.general.btn.status.bkg" index="2"/>
		<texture id="texture.btn.status.bkg.down" type="NineInOne" imagelist="texture.general.btn.status.bkg" index="3"/>
		<texture id="texture.btn.status.bkg.disable" type="NineInOne" imagelist="texture.general.btn.status.bkg" index="1"/>
		
		
		
		<texture id="texture.idphoto.button.bkg.normal" type="NineInOne"  imagelist="texture.general.btn.status.bkg" index="1"/>
		<texture id="texture.idphoto.button.bkg.hover"  type="NineInOne"  imagelist="texture.general.btn.status.bkg" index="2"/>
		<texture id="texture.idphoto.button.bkg.down" type="NineInOne" imagelist="texture.general.btn.status.bkg" index="3"/>
		<texture id="texture.idphoto.button.bkg.disable" type="NineInOne" imagelist="texture.general.btn.status.bkg" index="1"/>
	<!--报名照广告资源-->	
		<bitmap id="bitmap.bmz.ad" image="bitmap\bitmap.bmz.ad.png"/>
		<texture id="texture.calendar.datapicker.bkg" type="NineInOne" image="bitmap\Calendar\bitmap.calendar.datapicker.bkg.png"/>
		<texture id="texture.calendar.datapicker.item.bkg" type="NineInOne" image="bitmap\Calendar\bitmap.calendar.datapicker.item.bkg.png"/>
		<texture id="texture.calendar.datapicker.day.bkg" type="NineInOne" image="bitmap\Calendar\texture.calendar.datapicker.day.bkg.png"/>

		<texture id="texture.CCDCheck.location.icon" type="Stretch" image="bitmap\editwnd\texture.CCDCheck.location.icon.png"/>
		
		<bitmap id="bitmap.login.usericon.mask" image="bitmap\Dlg\LoginDlg\bitmap.login.usericon.mask.png"/>
		<bitmap id="bitmap.login.usericon.default" image="bitmap\Dlg\LoginDlg\bitmap.login.usericon.default.png"/>
		<texture id="texture.popwnd.bkg" type="NineInOne" image="bitmap\Dlg\LoginDlg\texture.dlgwnd.bkg.png"/>
		
		<imagelist id="imagelist.buyvip" vertical="0" splitter="1" varyblock="1" image="bitmap\Dlg\LoginDlg\imagelist.buyVip.button.png"/>
		<texture id="texture.button.buyvip.bkg.normal" type="Stretch" imagelist="imagelist.buyvip" index="1"/>
		<texture id="texture.button.buyvip.bkg.hover" type="Stretch" imagelist="imagelist.buyvip" index="2"/>
		<texture id="texture.button.buyvip.bkg.down" type="Stretch" imagelist="imagelist.buyvip" index="3"/>
		<texture id="texture.button.buyvip.bkg.disable" type="Stretch" imagelist="imagelist.buyvip" index="4"/>
		
		<imagelist id="imagelist.close" vertical="0" splitter="1" varyblock="1" image="bitmap\imagelist.close.png"/>
		<bitmap id="bitmap.system.dlg.close.normal" imagelist="imagelist.close" index="1"/>
		<bitmap id="bitmap.system.dlg.close.hover" imagelist="imagelist.close" index="2"/>
		<bitmap id="bitmap.system.dlg.close.down" imagelist="imagelist.close" index="3"/>
		<bitmap id="bitmap.system.dlg.close.disable" imagelist="imagelist.close" index="4"/>
		
		<bitmap id="bitmap.comunity.dropdown.icon" image="bitmap\Other\bitmap.comunity.dropdown.icon.png"/>
		
		<imagelist id="imagelist.user.thumbnail.icon" vertical="0" splitter="1" varyblock="1" image="bitmap\bitmap.thumbnail.icon.png"/>
		<bitmap id="bitmap.user.thumbnail.icon.normal" imagelist="imagelist.user.thumbnail.icon" index="1"/>
		<bitmap id="bitmap.user.thumbnail.icon.hover" imagelist="imagelist.user.thumbnail.icon" index="2"/>

		<!--气泡-->
		<texture id="texture.bubble" type="NineInOne" image="bitmap\Control\texture.bubble.png"/>
		<bitmap id="bitmap.bubble.close" image="bitmap\Control\bitmap.bubble.close.png"/>
	</resource>
</xlue>
