<XLUE>
	<resource>
		<color id="system.white" red="255" green="255" blue="255" alpha="255" />
		<color id="system.black" red="0" green="0" blue="0" alpha="255" />
		<color id="system.orange" red="44" green="151" blue="241" alpha="255" />
		<color id="system.green" value="#00FF00"/>
		
		<color id="system.font.normal.color" red="0" green="0" blue="0" alpha="255"/>
		<color id="system.font.hover.color" red="60" green="60" blue="60" alpha="255"/>
		<color id="system.font.disable.color" red="160" green="160" blue="160" alpha="255"/>

		<color id="system.font.attention.color" red="140" green="140" blue="140" alpha="255"/>

		<color id="mgrwnd.navigatebar.path.font.color" red="60" green="60" blue="60" alpha="255"/>
		<color id="editwnd.basicadjust.channel.font.color" red="0" green="0" blue="0" alpha="255"/>
		<color id="editwnd.basicadjust.channel.hover.font.color" red="0" green="0" blue="0" alpha="255"/>

		<color id="editwnd.toolbar.font.color" red="51" green="51" blue="51" alpha="255"/>
		<color id="editwnd.toolbar.hover.font.color" red="0" green="0" blue="0" alpha="255"/>
		<color id="editwnd.toolbar.disable.font.color" red="160" green="160" blue="160" alpha="255"/>

		<color id="mgrwnd.toolbar.font.color" red="0" green="0" blue="0" alpha="255"/>
		<color id="mgrwnd.toolbar.hover.font.color" red="60" green="60" blue="60" alpha="255"/>
		<color id="mgrwnd.toolbar.disable.font.color" red="160" green="160" blue="160" alpha="255"/>

		<color id="digitaldarkroom.tob.normal.font.color" red="0" green="0" blue="0" alpha="255"/>
		<color id="digitaldarkroom.tob.hover.font.color" red="20" green="20" blue="20" alpha="255"/>		

		<color id="editwnd.basicadjust.menu.title" red="0" green="0" blue="0" alpha="255" />
		<color id="editwnd.basicadjust.content" red="0" green="0" blue="0" alpha="255" />	
		<color id="editwnd.basicadjust.content.hover" red="51" green="51" blue="51" alpha="255" />	
		<color id="editwnd.tab.hover.color" red="39" green="131" blue="229" alpha="255"/>

		<color id="mainwnd.caption.font.color" red="65" green="65" blue="65" alpha="255"/>
		<color id="WaitPanel.font.color" red="52" green="52" blue="52" alpha="255"/>
		<color id="jigsaw.btn.shandow.color" red="55" green="91" blue="135" alpha="255"/>
		<color id="jigsaw.btn.shandow1.color" red="43" green="43" blue="43" alpha="255"/>
		<color id="jigsaw.btn.font.color" red="213" green="213" blue="213" alpha="255"/>
		<color id="jigsaw.showtext.font.color" red="72" green="72" blue="72" alpha="255"/>
		<color id="dlg.title.font.color" red="50" green="50" blue="50" alpha="255"/>
		<color id="dlg.text.font.color" red="0" green="0" blue="0" alpha="255"/>
		<color id="dlg.text.bkg.color" red="59" green="59" blue="59" alpha="255"/>
		<color id="main.text.bkg.color" red="42" green="42" blue="42" alpha="255"/>
		<color id="editwnd.midtoolbar.tip.text.color" red="255" green="255" blue="255" alpha="255"/>

		<color id="mgrwnd.lefttree.item.text.color.normal" red="0" green="0" blue="0" alpha="255"/>
		<color id="mgrwnd.lefttree.item.text.color.down" red="60" green="60" blue="60" alpha="255"/>

		<!--边框部分-->
		<color id="frame.install.help.richedit.textcolor" value="#666666" />
		<color id="frame.more.link.text.normal" value="#2783E3" />
		<color id="frame.more.link.text.hover" value="#2783E3" />

		<color id="frame.btn.text.color.ok" value="#FFFFFF" />
		<color id="frame.btn.text.color.cancel" value="#000000" />
		
		<!--抠图部分-->
		<color id="cutout.addbkg.morecolor" value="DEDEDE" />
		
		<!--弹窗颜色-->
		<color id="dlgwnd.text.color" value="#000000" />
		<color id="dlgwnd.btn.text.color.ok" value="#AFC5E0" />
		<color id="dlgwnd.btn.text.color.cancel" value="#333333" />
		<color id="dlgwnd.bluebtn.text.color" value="#FFFFFF" />
		<color id="dlgwnd.savecfg.filesize.color" value="#52A9ED" />
		<color id="dlgwnd.openfile.btn.text.color" value="#000000" />
		<!--轻松边框颜色-->
		<color id="frame.easyframe.btn.text.color.normal" value="#000000" />
		<color id="frame.easyframe.btn.text.color.hover" value="#333333" />
		<!--撕边边框颜色-->
		<color id="frame.maskframe.color.focus" value="#333333" />
		<color id="frame.maskframe.color.hover" value="#333333" />
		<color id="frame.maskframe.color.normal" value="#000000" />
		<color id="ex.button.down.color" value="#333333"/>
		<color id="ex.item.down.color" value="#F2F2F2"/>

		<color id="frame.menu.color.normal" red="0" green="0" blue="0" alpha="255" />
		<color id="frame.menu.color.hover" red="53" green="53" blue="53" alpha="255" />
		
		<color id="tip.text.color" value="#000000" />
		<color id="frame.textlink.normal.color" value="#000000" />
		<color id="frame.textlink.hover.color" value="#333333" />
		<color id="frame.textlink.sel.color" value="#88B1E4" />
		<color id="digitaldarkroom.foggypattern.textlink.color" red="90" green="158" blue="233" alpha="255" />
		<color id="digitaldarkroom.foggypattern.textlink.hover.color" red="138" green="194" blue="255" alpha="255" />
		<!--批处理-->
		<color id="dlgwnd.batch.ward.text.normal1.color" red="146" green="146" blue="146" alpha="255" />
		<color id="dlgwnd.batch.ward.text.normal2.color" red="102" green="102" blue="102" alpha="255" />
		<color id="dlgwnd.batch.ward.text.sel.color" red="0" green="0" blue="0" alpha="255" />
		<color id="dlgwnd.batch.filecount.text.color" red="86" green="169" blue="237" alpha="255" />
		<color id="dlgwnd.batch.textlink.color.normal" value="#9A9A9A" />
		<color id="dlgwnd.batch.textlink.color.hover" value="#52A9ED" />
		<!--微博分享-->
		<color id="picshare.qq.weibo.nickname.text.color" value="#FFCB56" />
		<color id="picshare.sina.weibo.nickname.text.color" value="#E32529" />
		<color id="picshare.qq.weibo.textlink.normal.color" value="#8C8C8C" />
		<color id="picshare.qq.weibo.textlink.hover.color" value="#88B1E4" />
		
		<color id="superbatch.list.item.text.color" red="102" green="102" blue="102" alpha="255" />
		
		<color id="idphoto.tips.text.color" value="#8F9294" />
		<color id="button.mainview.hove.color" red="0" green="0" blue="0" alpha="255" />
		
		<color id="mrgwnd.toobar.button.edit.text.color.normal" red="255" green="255" blue="255" alpha="255" />
		<color id="mrgwnd.toobar.button.edit.text.color.hover" red="255" green="255" blue="255" alpha="255" />
		<color id="editwnd.textlayer.button.addtext.color.normal" red="255" green="255" blue="255" alpha="255" />
		<color id="button.status.down.text.colou" red="72" green="72" blue="72" alpha="255" />
		<color id="menu.text.color.normal" red="0" green="0" blue="0" alpha="255"/>
		<color id="menu.text.color.hover" red="255" green="255" blue="255" alpha="255"/>
		
		<color id="web.text.blue.color" red="23" green="122" blue="226" alpha="255"/>
		<color id="web.text.normal.color" red="51" green="51" blue="51" alpha="255"/>		
		<color id="web.menu.link.red" red="244" green="76" blue="75" alpha="255"/>
		<color id="privatefont.bkg.color.ref" red="231" green="231" blue="231" alpha="255"/>
		<color id="privatefont.bkg.color.hover.ref" red="194" green="194" blue="194" alpha="255"/>
		
		
	</resource>
</XLUE>