<XLUE>
	<resource>		
		<curve id="resizepanel.pop.curve" type="bezier">
			<controlpoint  tp="0.000000" sp="0.000000"/>
			<controlpoint  tp="0.030220" sp="0.882022"/>
			<controlpoint  tp="0.370879" sp="0.974719"/>
			<controlpoint  tp="0.997253" sp="1.000000"/>
		</curve>
		<curve id="resizepanel.hiden.curve" type="bezier">
			<controlpoint  tp="0.000000" sp="0.000000"/>
			<controlpoint  tp="0.763736" sp="0.033708"/>
			<controlpoint  tp="0.969780" sp="0.502809"/>
			<controlpoint  tp="0.997253" sp="1.000000"/>
		</curve>
	</resource>	
</XLUE>
